isbn	douban_id	blog_link	title_zh	subtitle_zh	title	author	publisher	published_date	pages	purchasing_date	begin_reading_date	finish_reading_date	douban_rating	rating	auto_update	show	updated_date
9787509001882	2008972	NA	沙漏	NA	NA	饶雪漫	当代世界出版社	2007-1	279	高中	?	?	6.8	6	1	1	2020-01-24
9787509002179	2081286	NA	沙漏II	NA	NA	饶雪漫	当代世界出版社	2007-5	280	高中	?	?	6.9	6	1	1	2020-01-24
9787540210700	1121460	NA	基督山伯爵(上下)	NA	Le comte de monte-cristo	[法] 大仲马	北京燕山出版社	1999-8-1	1110	高中	?	?	9.3	8	1	1	2020-01-24
9787220050299	1044016	NA	信仰之旅	NA	NA	林语堂	四川人民出版社	2000-06	263	高中	?	?	8.2	8	1	1	2020-01-24
9787894810199	2221912	NA	激情晨读英语美文	英语美文	NA	高林显	山东电子音像出版社	2007-1	297	高中	?	?	8.7	8	1	1	2020-01-24
9787530947357	1882699	NA	美丽英文	生命中最美的瞬间	NA	艾柯	天津教育出版社	2006-8-1	239	高中	?	?	7.7	9	1	1	2020-01-24
9787539971810	26340138	NA	岛上书店	NA	The Storied Life of A. J. Fikry	[美] 加布瑞埃拉·泽文	江苏凤凰文艺出版社	2015-5-1	271	大学	NA	NA	7.6	NA	1	1	2020-01-24
9787531732952	26680049	NA	怀斯曼生存手册	终极指南（最新补充版)	NA	[英] 约翰·怀斯曼	北方文艺出版社	2014-8	416	大学	?	?	8.7	8	1	1	2020-01-24
9787550213524	24934182	NA	一个人的朝圣	NA	Unlikely Pilgrimage of Harold Fry	[英] 蕾秋·乔伊斯	北京联合出版公司	2013-9-1	320	大学	NA	NA	8.1	NA	1	1	2020-01-24
9789861207896	6428468	NA	我們最幸福	北韓人民的真實生活	Nothing to Envy: Ordinary Lives in North Korea	芭芭拉·德米克 Barbara Demick	麥田出版	2011-5-31	384	大学	?	?	9.1	9	0	1	2020-01-24
9787508641577	25697520	NA	他们最幸福	NA	NA	大冰	中信出版社	2013-9-1	288	大学	?	?	8	7	1	1	2020-01-24
9787540472238	26575812	NA	阿弥陀佛么么哒	NA	NA	大冰	湖南文艺出版社	2015-6-1	392	大学	?	?	7.1	7	1	1	2020-01-24
9787540468798	25984204	NA	乖，摸摸头	NA	NA	大冰	湖南文艺出版社	2014-9-1	336	大学	?	?	7.3	7	1	1	2020-01-24
9787512505575	25710855	NA	无法触碰的我爱你	NA	NA	SU徐昊原	国际文化出版公司	2013-8-1	232	大学	NA	NA	NA	NA	1	1	2020-01-24
9787544276528	26305561	NA	如何阅读一本小说	NA	How to Read Novels Like a Professor	[美] 托马斯·福斯特	南海出版公司	2015-4	312	大学	NA	NA	7.9	NA	1	1	2020-01-24
9787508618166	4178327	NA	谁说大象不能跳舞(珍藏版)	NA	NA	[美] 郭士纳	中信出版社	2010-1-1	295	大学	?	?	8.3	8	1	1	2020-01-24
9787550215528	24745639	NA	麦肯锡教我的写作武器	从逻辑思考到文案写作	Logical Thinking and Writing	[日] 高杉尚孝	北京联合出版公司·后浪出版公司	2013-7	214	大学	?	?	7.6	7	1	1	2020-01-24
9787802223417	2147625	NA	硅谷禁书	世界上最伟大的24堂励志课	The Master Key System	查尔斯·哈尼尔	中国华侨出版社	2007.7	242	大学	?	?	6.3	7	1	1	2020-01-24
9787544270878	25862578	NA	解忧杂货店	NA	ナミヤ雑貨店の奇蹟	[日] 东野圭吾	南海出版公司	2014-5	291	大学	?	?	8.5	8	1	1	2020-01-24
9787883526216	1791929	NA	我型我塑	NA	NA	东映文化	NA	NA	90	大学	?	?	NA	8	1	1	2020-01-24
9787801487957	1397775	NA	小小地球	NA	The Little Earth Book	布鲁斯	新星出版社	2005-5	196	大学	?	?	8.3	8	1	1	2020-01-24
9780446195270	2679260	NA	The Choice	NA	NA	[美] Nicholas Sparks	NA	2007-9	288	大学	NA	NA	NA	NA	1	1	2020-01-24
9787100121989	26849476	NA	金花的秘密	中国的生命之书	NA	[瑞士]荣格 / [德] 卫礼贤	商务印书馆	2016-7	129	2020-04-15	NA	NA	8.7	NA	1	1	2020-04-15
9787111551447	26907984	NA	红书	NA	The red book	[瑞士] 荣格（C. G. Jung）原著 / [英] 索努·沙姆达萨尼（Sonu Shamdasani）编译	机械工业出版社	2016-12-30	596	2020-04-15	NA	NA	9.2	NA	1	1	2020-04-15
9787540480776	27071421	NA	爱你就像爱生命（精装全彩珍藏）	NA	NA	王小波 李银河	湖南文艺出版社	2017-7	272	2020-04-15	NA	NA	9	NA	1	1	2020-04-15
9787559604170	27104286	NA	寂寞的游戏	NA	NA	袁哲生	北京联合出版公司	2017-9	248	2020-04-15	NA	NA	8.4	NA	1	1	2020-04-15
9787508684512	30128262	NA	“错误”的行为	行为经济学的形成	Misbehaving: The Making of Behavioral Economics	[美] 理查德·塞勒	中信出版集团	2018-3-1	NA	2020-04-15	NA	NA	8.9	NA	1	1	2020-04-15
9789570521672	5027300	NA	人子	NA	NA	鹿橋	台灣商務印書館	2007-5	NA	2020-04-04	NA	NA	9	NA	1	1	2020-04-15
9789863442943	26667513	NA	建豐二年	新中國烏有史	NA	陳冠中	NA	2015-12-1	256	2020-04-04	NA	NA	NA	NA	0	1	2020-04-15
9789869545624	30256082	NA	台北故事	NA	NA	台北人	鏡文學	2018-4-2	304	2020-04-04	NA	NA	NA	NA	1	1	2020-04-15
9789573263159	3094773	NA	醜陋的中國人	NA	NA	柏楊	遠流出版事業股份有限公司	2008-6-11	NA	2020-04-04	NA	NA	NA	NA	0	1	2020-04-15
9789869837354	35032172	NA	曾經他是整個花花世界	NA	NA	台北人	鏡文學	2020-2-7	304	2020-04-04	NA	NA	NA	NA	0	1	1970-01-01
9789869633543	NA	NA	超威！野外技能補完手冊	從輕量化裝備、行進技巧、戶外炊煮、營地工藝到辨識危險	NA	Allen O’Bannon	大家出版	2018-7-4	208	2020-04-04	NA	NA	NA	NA	0	1	1970-01-01
9787111616832	33378880	NA	学会提问（原书第11版）	NA	Asking the Right Questions: A Guide to Critical Thinking，11th Edition	[美]尼尔·布朗 (Neil Browne) / [英] 斯图尔特·霍尔	机械工业出版社	2019-4	292	2020-02-19	NA	NA	8.4	NA	1	1	2020-02-19
9787544380928	30176774	NA	第一本经济学	NA	Lessons for the Young Economist	罗伯特·墨菲	海南出版社	2018-4	360	2020-02-19	NA	NA	8.7	NA	1	1	2020-02-19
9787111509271	26605978	NA	超越智商	为什么聪明人也会做蠢事	What Intelligence Tests Miss: The Psychology of Rational Thought	[美] 基思 E·斯坦诺维奇 / [加拿大] 基思·斯坦诺维奇	机械工业出版社	2015-9-15	272	2020-02-19	NA	NA	8.2	NA	1	1	2020-02-19
9787115410047	26701760	NA	社会心理学（第11版，平装版）	NA	NA	戴维·迈尔斯 (David G.Myers)	人民邮电出版社	2016-1	707	2020-02-19	NA	NA	9.3	NA	1	1	2020-02-19
9787111471066	25951835	NA	社会心理学（第8版）	阿伦森眼中的社会性动物	Social Psychology	[美] 埃略特·阿伦森 / [美] 提摩太 D.威尔逊 / [美] 罗宾 M.埃克特	机械工业出版社	2014-8-9	399	2020-02-19	NA	NA	9.1	NA	1	1	2020-02-19
9787505748149	34848926	NA	八千里路云和月	NA	NA	白先勇	中国友谊出版公司	2019-11-1	288	2019-11-01	NA	NA	7.3	NA	1	1	2020-01-24
9787544276986	33440205	NA	你当像鸟飞往你的山	NA	Educated: A Memoir	[美] 塔拉·韦斯特弗	南海出版公司	2019-10-20	388	2019-11-01	NA	NA	9	NA	1	1	2020-01-24
9787521712056	34907971	NA	俞军产品方法论	NA	NA	俞军	中信出版集团	2019-12-1	352	2019-11-01	NA	NA	8.1	NA	1	1	2020-01-24
9789571379531	34808222	NA	NA	NA	NA	NA	NA	NA	NA	2019-11-01	NA	NA	NA	NA	1	1	2020-01-24
9787508687216	30161884	NA	贫穷的本质	我们为什么摆脱不了贫穷：修订版	Poor Economics: A Radical Rethinking of the Way to Fight Global Poverty	[印]阿比吉特·班纳吉 / [法]埃斯特·迪弗洛	中信出版集团	2018-9	317	2019-10-20	NA	NA	7.7	NA	1	1	2020-01-24
9787508633558	10785583	NA	思考，快与慢	NA	Thinking, Fast and Slow	[美] 丹尼尔·卡尼曼 / [美] Daniel Kahneman	中信出版社	2012-7	424	2019-10-16	NA	NA	8.2	NA	1	1	2020-01-24
9787508689265	30238047	NA	思维的发现	关于决策与判断的科学	NA	迈克尔·刘易斯 (Michael Lewis)	中信出版社	2018-7-1	375	2019-10-16	NA	NA	8.2	NA	1	1	2020-01-24
9787521705072	33438811	NA	为什么	关于因果关系的新科学	The Book of Why : The New Science of Cause and Effect	[美]朱迪亚·珀尔(Judea Pearl) / [美]达纳·麦肯齐(Dana Mackenzie)	中信出版集团股份有限公司	2019-7-1	374	2019-07-01	NA	NA	8.7	NA	1	1	2020-01-24
9789882116047	1919723	NA	龍應台的香港筆記 @ 沙灣徑25號	@ 沙灣徑25號	NA	龍應台	天地圖書有限公司	2006	273	2019-07-01	2019-07-18	NA	8.4	NA	1	1	2020-01-24
9789571362106	NA	NA	這樣事和誰細講	NA	NA	章詒和	時報出版	2015-3-16	368	2019-07-01	NA	NA	NA	NA	0	1	1970-01-01
9789571362106	NA	NA	伶人往事	寫給不看戲的人看	NA	章詒和	時報出版	2015-3-16	480	2019-07-01	NA	NA	NA	NA	0	1	1970-01-01
9789571362106	NA	NA	往事並不如煙	NA	NA	章詒和	時報出版	2015-3-16	448	2019-07-01	NA	NA	NA	NA	0	1	1970-01-01
9789864061594	NA	NA	我的不正經人生觀	NA	NA	黃益中	寶瓶文化	2019-5-29	256	2019-07-01	2019-07-02	NA	NA	NA	0	1	1970-01-01
9787201146669	33420594	NA	成事	冯唐品读曾国藩嘉言钞	Getting Things Done	冯唐	天津人民出版社	2019-5	280	2019-06-01	NA	NA	6.8	NA	1	1	2020-01-24
9787500871187	30431116	NA	此与彼之间	NA	NA	澎湃·镜相 编著	中国工人出版社	2019-2	304	2019-06-01	NA	NA	7.4	NA	1	1	2020-01-24
9787540488659	30352714	NA	返朴	NA	アナログ	[日]北野武	湖南文艺出版社	2019-4	200	2019-06-01	NA	NA	6.4	NA	1	1	2020-01-24
9787530213476	25803923	NA	你是我不及的梦	NA	NA	三毛	北京十月文艺出版社	2014-1	232	2019-06-01	NA	NA	7.8	NA	1	1	2020-01-24
9787530214701	26416549	NA	兰屿之歌 清泉故事	NA	NA	[美] 丁松青	北京十月文艺出版社	2015-6	376	2019-06-01	NA	NA	8.2	NA	1	1	2020-01-24
9787530214688	26608213	NA	刹那时光	NA	NA	[美]丁松青	北京十月文艺出版社	2015-9	273	2019-06-01	NA	NA	8.6	NA	1	1	2020-01-24
9787530214794	26997185	NA	亲爱的三毛	NA	NA	三毛	青马文化丨十月文艺出版社	2017-3	240	2019-06-01	NA	NA	9	NA	1	1	2020-01-24
9787530214817	26997307	NA	流星雨	NA	NA	三毛	北京十月文艺出版社	2017-3	200	2019-06-01	NA	NA	8.6	NA	1	1	2020-01-24
9787530214732	26995850	NA	雨季不再来	NA	NA	三毛	青马文化丨十月文艺出版社	2017-3	296	2019-06-01	NA	NA	8.4	NA	1	1	2020-01-24
9787530214824	26997278	NA	滚滚红尘	NA	NA	三毛	青马文化丨十月文艺出版社	2017-3	208	2019-06-01	NA	NA	8	NA	1	1	2020-01-24
9787530214749	26997273	NA	我的宝贝	NA	NA	三毛	青马文化丨十月文艺出版社	2017-3	272	2019-06-01	NA	NA	8.4	NA	1	1	2020-01-24
9787530214763	26997134	NA	送你一匹马	NA	NA	三毛	青马文化丨十月文艺出版社	2017-3	248	2019-06-01	NA	NA	8.9	NA	1	1	2020-01-24
9787530214756	26995855	NA	万水千山走遍	NA	NA	三毛	青马文化丨十月文艺出版社	2017-3	256	2019-06-01	NA	NA	8.3	NA	1	1	2020-01-24
9787530214800	26997078	NA	梦里花落知多少	NA	NA	三毛	北京十月文艺出版社	2017-3	320	2019-06-01	NA	NA	8.6	NA	1	1	2020-01-24
9787530214770	26997095	NA	温柔的夜	NA	NA	三毛	青马文化丨十月文艺出版社	2017-3	264	2019-06-01	NA	NA	8.9	NA	1	1	2020-01-24
9787530214831	26995854	NA	稻草人手记	NA	NA	三毛	青马文化丨十月文艺出版社	2017-3	224	2019-06-01	NA	NA	8.6	NA	1	1	2020-01-24
9787530214787	26997048	NA	撒哈拉的故事	NA	NA	三毛	北京十月文艺出版社	2017-3-1	298	2019-06-01	NA	NA	9.1	NA	1	1	2020-01-24
9787114151606	30437364	NA	《流浪地球》电影制作手记	电影制作手记	NA	朔方	人民交通出版社股份有限公司	2019-3	352	2019-02-28	2019-03-06	2019-03-18	8.2	6	1	1	2020-01-24
9787536493759	30443982	NA	流浪地球	刘慈欣短篇小说精选	NA	刘慈欣	四川科学技术出版社	2018-11	NA	2019-02-27	NA	NA	8.2	NA	1	1	2020-01-24
9787508694498	30309613	NA	自私的基因	40周年增订版	The Extended Selfish Gene	[英] 理查德·道金斯	中信出版集团	2018-11-1	496	2019-02-25	NA	NA	8.3	NA	1	1	2020-01-24
9787532153626	25903621	NA	写作这回事	创作生涯回忆录	on writing-A Memoir of the Craft	[英] 斯蒂芬·金 / [美] 斯蒂芬·金	上海文艺出版社	2014-10-15	271	2019-02-25	NA	NA	8.9	NA	1	1	2020-01-24
9787540489304	30415402	/cn/2019/03/browser-tabs-you-do-not-close	断舍离（2019年新版）	NA	NA	[日]山下英子	湖南文艺出版社	2019-1-10	240	2019-02-14	2019-02-16	2019-03-03	7.2	7	1	1	2020-01-24
9787302498872	30176572	NA	大问题（第10版）	简明哲学导论	The Big Questions: A Short Introduction to Philosophy 10th Edition	[美]罗伯特·所罗门 / [美]凯思林·希金斯	清华大学出版社	2018-7	462	2019-02-14	NA	NA	9.2	NA	1	1	2020-01-24
9787115433749	26884023	NA	统计会犯错	如何避免数据分析中的统计陷阱	Statistics Done Wrong: The Woefully Complete Guide	[美] Alex Reinhart	人民邮电出版社	2016-9-1	187	2019-02-14	NA	NA	7.7	NA	1	1	2020-01-24
9787040368932	21346605	NA	数学之英文写作	NA	NA	汤涛 / 丁玖	高等教育出版社	2013-4	296	2019-01-22	NA	NA	8.8	NA	1	1	2020-01-24
9787559617613	30170099	NA	如何看懂艺术	伟大艺术品背后的故事	NA	翁昕	未读·艺术家·北京联合出版公司	2018-4	246	2018-12-27	NA	NA	8.4	NA	1	1	2020-01-24
9787559614452	27624439	NA	如何写影评（插图修订第8版）	NA	A short guide to writing about film,8e	[美] 蒂莫西·科里根（Timothy J. Corrigan）	后浪丨北京联合出版社	2018-7	216	2018-12-27	NA	NA	7.7	NA	1	1	2020-01-24
9787532774685	27002046	NA	美丽新世界	NA	BRAVE NEW WORLD, BRAVE NEW WORLD REVISITED	[英] 赫胥黎	上海译文出版社	2017-6	360	2018-12-27	NA	NA	9.1	NA	1	1	2020-01-24
9787559614636	27614904	NA	房思琪的初恋乐园	NA	NA	林奕含	北京联合出版公司	2018-1	272	2018-12-27	NA	NA	9.2	NA	1	1	2020-01-24
9787559413727	27193117	NA	我们一无所有	NA	The Tsar of Love and Techno	[美] 安东尼·马拉	江苏凤凰文艺出版社	2018-2	332	2018-12-27	NA	NA	8.6	NA	1	1	2020-01-24
9787532773862	26879595	NA	我们	NA	We	[俄] 叶甫盖尼·扎米亚京	上海译文出版社	2017-1	274	2018-12-27	NA	NA	7.6	NA	1	1	2020-01-24
9787208128156	26324832	NA	西线无战事	NA	Im Westen nichts Neues	[德] 埃里希·玛丽亚·雷马克	上海人民出版社	2017-6	200	2018-12-27	NA	NA	9	NA	1	1	2020-01-24
9787567603530	1883349	NA	永别了，武器	NA	A Farewell To Arms	[美] 欧内斯特·海明威	上海译文出版社	2006-8	342	2018-12-27	NA	NA	8.2	NA	1	1	2020-01-24
9787530212653	20483356	NA	张爱玲小说集	NA	NA	张爱玲	北京出版社出版集团,北京十月文艺出版社	2012-6-1	1589	2018-12-27	NA	NA	9.3	NA	1	1	2020-01-24
9787801739308	3863494	NA	季羡林读书与做人	纪念珍藏版	NA	季羡林	国际文化出版公司	2009年7月	328	2018-11-05	NA	NA	7.9	NA	1	1	2020-01-24
9787541147531	30278270	NA	日食记	用自己喜欢的方式吃一生	NA	姜老刀	四川文艺出版社	2018-8	248	2018-11-05	2018-11-15	2018-11-16	7.3	7	1	1	2020-01-24
9787101072549	4912738	NA	黄帝内经	NA	NA	姚春鹏 注释	中华书局	2010-6	1471	2018-10-31	NA	NA	9.1	NA	1	1	2020-01-24
9787532955732	27607125	NA	生活需要仪式感	NA	NA	李思圆	山东文艺出版社	2017-12	320	2018-10-31	NA	NA	5	NA	1	1	2020-01-24
9787532777914	30183051	NA	鱼翅与花椒	NA	Shark’s Fin and Sichuan Pepper	[英]扶霞·邓洛普	上海译文出版社	2018-7	265	2018-10-31	NA	NA	8.3	NA	1	1	2020-01-24
9787540488079	30280610	NA	天长地久	给美君的信	天長地久：給美君的信	龙应台	湖南文艺出版社	2018-8-1	304	2018-10-31	NA	NA	8.6	NA	1	1	2020-01-24
9787559623096	30314033	NA	无所畏	NA	NA	冯唐	北京联合出版公司	2018-9	256	2018-10-31	NA	NA	7	NA	1	1	2020-01-24
9787544277617	26374532	NA	霍乱时期的爱情	2015年修订版	El Amor En Los Tiempos Del Colera	[哥伦比亚] 加西亚·马尔克斯	南海出版公司	2015-6	402	2018-10-31	NA	NA	8.9	NA	1	1	2020-01-24
9787559407764	27091211	NA	罗生门	NA	羅生門	[日]芥川龙之介	江苏凤凰文艺出版社	2017-8	256	2018-10-31	NA	NA	8.5	NA	1	1	2020-01-24
9787020118137	30272317	NA	不三	短歌集	NA	冯唐	人民文学出版社	2018-9	NA	2018-10-31	NA	NA	6.2	NA	1	1	2020-01-24
9787807682615	30344312	NA	有斐：男士基本款	NA	NA	杜绍斐	生活·读书·新知三联书店丨生活书店出版有限公司	2018-10-15	172	2018-10-31	NA	NA	6.7	NA	1	1	2020-01-24
9787214067203	6426232	NA	本草纲目	中医养生治病的知识根基	NA	李时珍	凤凰出版传媒集团,江苏人民出版社	2011-4-1	730	2018-10-31	NA	NA	8.3	NA	1	1	2020-01-24
9787532752805	5414391	NA	寻路中国	从乡村到工厂的自驾之旅	Country Driving: A Journey Through China from Farm to Factory	[美] 彼得·海斯勒	上海译文出版社	2011-1	426	2018-10-31	NA	NA	9	NA	1	1	2020-01-24
9787532756728	7060185	NA	江城	NA	River Town	[美] 彼得·海斯勒	上海译文出版社	2012-1	446	2018-10-31	NA	NA	9	NA	1	1	2020-01-24
9787807639817	24749465	NA	断舍离	NA	新・片づけ術「断捨離」	山下英子	广西科学技术出版社	2013-7-30	192	2018-10-31	NA	NA	7.4	NA	1	1	2020-01-24
9787516634332	27119982	NA	风格的要素	托福，雅思，GRE考试必备参考书	Elements of Style	[美] 威廉·斯特伦克	北京联合出版公司	2017-12-1	122	2018-10-29	2018-10-30	2018-11-20	7.6	8	1	1	2020-01-24
9787549599226	27116287	NA	平如美棠	我俩的故事（第三版）	NA	饶平如	广西师范大学出版社	2017-10	360	2018-07-09	2018-09-15	2018-10-15	9.4	8	1	1	2020-01-24
9787513323369	27006320	NA	今日店休	93岁旧书店主写给生活的情书	NA	[日] 坂本健一	新星出版社	2017-6-1	176	2018-07-09	2018-07-09	2018-07-11	8.6	8	1	1	2020-01-24
9787544278843	26575679	NA	当我谈跑步时，我谈些什么（2015典藏版）	当我谈跑步时,我谈些什么	NA	（日）村上春树	南海出版公司	2015-9-1	200	2018-07-09	NA	NA	8.4	NA	1	1	2020-01-24
9787508648286	26319730	/cn/2018/09/war-of-medias	娱乐至死	NA	Amusing Ourselves to Death: Public Discourse in the Age of Show Business	[美] 尼尔·波兹曼	中信出版集团	2015-5	224	2018-07-09	2018-08-10	2018-08-27	8.5	9	1	1	2020-01-24
9787508634432	11527058	NA	先生	NA	NA	《先生》编写组	中信出版社	2012-8	286	2018-07-09	NA	NA	8.2	NA	1	1	2020-01-24
9787550231887	26394808	NA	图解《说文解字》·画说汉字	1000个汉字的故事	NA	[东汉] 许慎	北京联合出版公司	2014-7-1	510	2018-06-02	NA	NA	6.7	NA	1	1	2020-01-24
9787514604399	11524077	NA	希腊神话故事	NA	NA	[瑞士] 施瓦布	NA	2012-7	256	2018-06-02	NA	NA	5.3	NA	1	1	2020-01-24
9787115249494	6021440	NA	黑客与画家	硅谷创业之父Paul Graham文集	Hackers and Painters: Big Ideas from the Computer Age	[美] 保罗·格雷厄姆	人民邮电出版社	2011-4	264	2018-06-02	2018-06-02	2018-06-21	8.7	8	1	1	2020-01-24
9787508684031	27608239	NA	原则	NA	Principles: Life and Work	[美] 瑞·达利欧	中信出版社	2018-1	576	2018-06-01	NA	NA	8.4	NA	1	1	2020-01-24
9787512714922	27149602	NA	乌合之众	NA	NA	[法] 古斯塔夫·勒庞	中国妇女出版社	2017-9-1	NA	2018-06-01	NA	NA	5.5	NA	1	1	2020-01-24
9787508678870	27078154	NA	搜神记	NA	NA	冯唐	中信出版集团	2017-8	224	2018-06-01	NA	NA	6.4	NA	1	1	2020-01-24
9787556117512	27109961	NA	瓦尔登湖	NA	Walden	[美]亨利·戴维·梭罗	湖南人民出版社	2017-8	364	2018-06-01	NA	NA	7.5	NA	1	1	2020-01-24
9787533949198	27074836	NA	人间词话	独家全译全注插图珍藏版	NA	王国维	浙江文艺出版社	2017-7	370	2018-06-01	NA	NA	8.9	NA	1	1	2020-01-24
9787533949419	27109152	NA	安阳	NA	NA	冯唐	浙江文艺出版社	2017-12-1	184	2018-06-01	NA	NA	6.2	NA	1	1	2020-01-24
9787559610782	27170538	NA	存在主义咖啡馆	自由、存在和杏子鸡尾酒	At the Existentialist Café：Freedom,Being,and Apricot Cocktails	[英] 莎拉·贝克韦尔	北京联合出版公司	2017-12-1	568	2018-06-01	NA	NA	8.6	NA	1	1	2020-01-24
9787508656663	26738797	NA	小说课（壹）	折磨读者的秘密	NA	许荣哲	中信出版社	2016-8	264	2018-06-01	NA	NA	7.7	NA	1	1	2020-01-24
9787508656618	26738798	NA	《小说课》（贰）	《偷故事的人》	NA	许荣哲	中信出版社	2016-8	232	2018-06-01	NA	NA	7.8	NA	1	1	2020-01-24
9787514352894	26910712	NA	山海经	（白话全译彩图珍藏版）	NA	徐客	现代出版社	2016-8	600	2018-06-01	NA	NA	7.9	NA	1	1	2020-01-24
9787115429476	26835090	NA	软技能	代码之外的生存指南	Soft Skills: The software developer's life manual	John Sonmez	人民邮电出版社	2016-7	480	2018-06-01	2018-10-09	2018-11-20	8	7	1	1	2020-01-24
9787213069475	26707803	NA	千面英雄	NA	THE HERO WITH A THOUSAND FACES	[美] 约瑟夫·坎贝尔	浙江人民出版社	2016-2	426	2018-06-01	NA	NA	8.2	NA	1	1	2020-01-24
9787508650104	26424608	NA	设计心理学2	与复杂共处 （修订版）	NA	[美] 唐纳德·A·诺曼	中信出版社	2015-6-5	237	2018-06-01	NA	NA	7.8	NA	1	1	2020-01-24
9787508650111	26424688	NA	设计心理学3	情感化设计（修订版）	NA	[美] 唐纳德·A·诺曼	中信出版社	2015-6	233	2018-06-01	NA	NA	7.8	NA	1	1	2020-01-24
9787508648330	26102860	NA	设计心理学1	日常的设计	NA	[美] 唐纳德·A·诺曼	中信出版社	2015-5-15	360	2018-06-01	NA	NA	8.5	NA	1	1	2020-01-24
9787548423768	30132617	NA	林徽因：不慌不忙的坚强（平装）	NA	NA	赵一	哈尔滨出版社	2015-12-1	384	2018-06-01	NA	NA	7.6	NA	1	1	2020-01-24
9787508654133	26647363	NA	设计心理学4	未来设计	The Design of Future Things	[美] 唐纳德·A·诺曼	中信出版社	2015-11	186	2018-06-01	NA	NA	7.6	NA	1	1	2020-01-24
9787535457042	11530610	NA	神曲	神曲	NA	[意] 但丁	NA	2012-6	415	2018-06-01	NA	NA	8.8	NA	1	1	2020-01-24
9787508616773	4012143	NA	伟大的博弈	华尔街金融帝国的崛起（1653-2011）	The Great Game: The Emergence of Wall Street as a World Power: 1653-2000	[美] 约翰·S·戈登	中信出版社	2011-1	400	2018-06-01	2018-06-22	NA	8.6	NA	1	1	2020-01-24
9787101127867	27112664	NA	论语译注	简体字本	NA	杨伯峻 译注	中华书局	2017-9-1	298	2018-02-23	NA	NA	8.7	NA	1	1	2020-01-24
9787533948108	27006467	NA	浮生六记	独家全译全注插图珍藏版	NA	沈复	浙江文艺出版社	2017-4	323	2018-02-23	NA	NA	8.1	NA	1	1	2020-01-24
9787101113990	26755624	NA	论自由	中英双语本	NA	[英]约翰·斯图亚特·密尔	中华书局	2016-1	290	2018-02-23	NA	NA	9.1	NA	1	1	2020-01-24
9787512017870	26363137	NA	曾国藩 • 曾文正公家书(上下，全1305封，附家训2卷)	NA	NA	曾国藩	线装书局	2015-5-1	851	2018-02-23	NA	NA	9.2	NA	1	1	2020-01-24
9787553415253	23155678	NA	1984	NA	NA	[英] 乔治·奥威尔	吉林出版集团有限责任公司	2013-5	274	2018-02-23	NA	NA	9.2	NA	1	1	2020-01-24
9787111447405	25805533	NA	中国航空故事	NA	NA	刘德生	机械工业出版社	2014-1-1	192	2017-11-15	2017-11-16	2017-11-16	NA	6	1	1	2020-01-24
9789862137192	26847432	NA	為了活下去：脫北女孩朴研美	脫北女孩朴研美	In Order to Live: A North Korean Girl’s Journey to Freedom	朴研美	大塊文化	2016-7	320	2017-09-28	2017-12-03	2017-12-31	8.1	9	1	1	2020-01-24
9789882194199	6732178	NA	不二	NA	NA	馮唐	天地圖書有限公司	NA	328	2017-08-28	NA	NA	NA	NA	0	1	2018-10-16
9787213048425	3155180	NA	荒野生存	NA	Into the WIld	乔恩·克拉考尔（Jon Krakauer）	中国人民大学出版社	2008-07	196	2017-07-31	NA	NA	8.7	NA	1	1	2020-01-24
9780385486804	1372067	NA	Into the Wild	NA	NA	Jon Krakauer	Anchor	1997-01-20	224	2017-07-30	NA	NA	8.9	NA	1	1	2020-01-24
9787020118083	26821460	NA	朱雀	NA	NA	葛亮	人民文学出版社	2016-10	380	2017-06-12	NA	NA	6.8	NA	1	1	2020-01-24
9789869316743	26956107	NA	一把青 創作劇本	NA	NA	原著白先勇 / 導演曹瑞原 / 劇本黃世鳴	水靈文創有限公司	2016-9	NA	2017-06-08	NA	NA	9.6	NA	1	1	2020-01-24
9787503194160	26878557	NA	孤独星球 Lonely Planet 西藏 IN系列（2016年版）	NA	NA	澳大利亚LonelyPlanet公司	中国地图出版社	2016-8-1	424	2017-06-01	NA	NA	8.4	NA	1	1	2020-01-24
9787535678096	26848051	NA	造房子	NA	NA	王澍	浦睿文化/湖南美术出版社	2016-8	276	2017-06-01	NA	NA	8.3	NA	1	1	2020-01-24
9787510842252	26747208	NA	优秀的绵羊	NA	Excellent Sheep	[美] 威廉·德雷谢维奇	九州出版社	2016-4	232	2017-06-01	NA	NA	8	NA	1	1	2020-01-24
9787020118076	26821461	NA	北鸢	NA	NA	葛亮	人民文学出版社	2016-10-1	490	2017-06-01	NA	NA	7.9	NA	1	1	2020-01-24
9787208130500	26425831	NA	斯通纳	NA	Stoner	[美] 约翰·威廉斯	上海人民出版社	2016-1	336	2017-06-01	NA	NA	8.8	NA	1	1	2020-01-24
9787550263802	26666533	NA	梵高手稿	梵高书信、画作、珍贵手稿	Van Gogh’s Letters：The Mind of the Artist in Paintings, Drawings, and Words,1875-1890	[荷] 文森特·梵高 / [美] H. 安娜·苏 / 编	北京联合出版公司	2015-12	416	2017-06-01	NA	NA	9.4	NA	1	1	2020-01-24
9787540465018	25843173	NA	恰到好处的幸福	NA	NA	毕淑敏	湖南文艺出版社	2014-3	256	2017-06-01	NA	NA	6.6	NA	1	1	2020-01-24
9787540465025	25843171	NA	温柔就是能够对抗世间所有的坚硬	NA	NA	毕淑敏	湖南文艺出版社	2014-3	256	2017-06-01	NA	NA	7.3	NA	1	1	2020-01-24
9787540465001	25843172	NA	人生终要有一场触及灵魂的旅行	NA	NA	毕淑敏	湖南文艺出版社	2014-2-1	304	2017-06-01	NA	NA	6.4	NA	1	1	2020-01-24
9787535767134	6749832	NA	复杂	NA	Complexity: A Guided Tour	梅拉妮·米歇尔	湖南科学技术出版社	2011-8-1	409	2017-02-02	NA	NA	9	NA	1	1	2020-01-24
9787550270206	26848740	NA	认识电影：全彩插图第12版	NA	Understanding Movies, 12e	[美] 路易斯·贾内梯	北京联合出版公司·后浪出版公司	2016-9	584	2016-12-30	NA	NA	9.3	NA	1	1	2020-01-24
9787535488473	26802388	NA	自在独行	贾平凹的独行世界	NA	贾平凹	长江文艺出版社	2016-7-1	320	2016-11-07	NA	NA	7.3	NA	1	1	2020-01-24
9787213067792	26576861	NA	最好的告别	关于衰老与死亡，你必须知道的常识	Being Mortal: Medicine and What Matters in the End	[美] 阿图·葛文德	浙江人民出版社	2015-7-31	248	2016-11-05	2017-11-01	NA	9	NA	1	1	2020-01-24
9787510835865	26362908	NA	女神一号	NA	NA	冯唐	九州出版社	2015-5	216	2016-11-05	NA	NA	6.2	NA	1	1	2020-01-24
9787550248083	26364209	NA	那些古怪又让人忧心的问题	前NASA成员、美国最火科普博客xkcd幽默问答集	What If ?: Serious Scientific Answers to Absurd Hypothetical Questions	[美] 兰道尔·门罗	北京联合出版公司	2015-5	304	2016-11-05	?	?	8	6	1	1	2020-01-24
9787222137370	26674343	NA	容忍与自由	NA	NA	胡适	云南人民出版社	2015-10-1	216	2016-11-05	2019-04-07	2019-05-19	8.6	9	1	1	2020-01-24
9787535673800	26639786	NA	舍得，舍不得	带着《金刚经》旅行	NA	蒋勋	湖南美术出版社	2015-10	256	2016-11-05	NA	NA	8	NA	1	1	2020-01-24
9787508641270	24863307	NA	那时 · 西藏	中国国家地理	NA	徐家树	中信出版社	2013-8	228	2016-11-05	NA	NA	7.9	NA	1	1	2020-01-24
9787802363588	3990022	NA	美国纽约摄影学院摄影教材（上册）	最新修订版	NA	美国纽约摄影学院	中国摄影出版社	2010-8	609	2016-11-05	NA	NA	9.2	NA	1	1	2020-01-24
9787802363595	3990023	NA	美国纽约摄影学院摄影教材（下册）	最新修订版	NA	美国纽约摄影学院	中国摄影出版社	2010-8	1234	2016-11-05	NA	NA	9	NA	1	1	2020-01-24
9787511361462	26904500	NA	月亮和六便士	NA	The Moon And Sixpence	[英] 威廉·萨默塞特·毛姆	中国华侨出版社	2016-9	320	2016-11-02	NA	NA	8.4	NA	1	1	2020-01-24
9787508664347	26831788	NA	旅行与读书	NA	NA	詹宏志	中信出版集团 / 中信·大方	2016-8	404	2016-11-02	NA	NA	7.8	NA	1	1	2020-01-24
9787508663616	26850526	NA	追时间的人	信息过载时代的知识解决方案	NA	阳志平 / 刘建鸿 / 吴宝沛 / 周亮 / 程乐华 / 陈虎平 / 赵昱鲲 / 卢立 / 王崇巍 / 陈忻 / 解慧超 / 安替 / 王佩 / 魏坤琳 / 戴俊毅	中信出版社	2016-8-26	485	2016-11-02	NA	NA	7.6	NA	1	1	2020-01-24
9787508657677	26683648	NA	民主的不满	美国在寻求一种公共哲学	Democracy's Discontent: America in Search of a Public Philos	[美] 迈克尔·桑德尔	中信出版社	2016-8	544	2016-11-02	NA	NA	8.3	NA	1	1	2020-01-24
9787550278257	26801831	NA	在宇宙间不易被风吹散	NA	NA	冯唐	北京联合出版公司	2016-6-1	237	2016-11-02	2018-02-03	2018-02-03	7.2	8	1	1	2020-01-24
9787302399506	26662833	NA	手机摄影大全	轻松拍出大片味儿	罗磊	罗磊 / 柏松	清华大学出版社	2015-8-1	218	2016-11-02	NA	NA	5.4	NA	1	1	2020-01-24
9787539957173	25829693	NA	永恒的终结	关于时间旅行的终极奥秘和恢宏构想	The End of Eternity	[美] 艾萨克·阿西莫夫	江苏凤凰文艺出版社	2014-9-1	264	2016-11-02	NA	NA	9	NA	1	1	2020-01-24
9787201088945	25829693	NA	永恒的终结	关于时间旅行的终极奥秘和恢宏构想	The End of Eternity	[美] 艾萨克·阿西莫夫	江苏凤凰文艺出版社	2014-9-1	264	2016-11-02	NA	NA	9	NA	1	1	2020-01-24
9787542631664	4238362	NA	送你一颗子弹	NA	NA	刘瑜	上海三联书店	2010-1	339	2016-11-02	NA	NA	8.6	NA	1	1	2020-01-24
9787208061644	1770782	NA	追风筝的人	NA	The Kite Runner	[美] 卡勒德·胡赛尼	上海人民出版社	2006-5	362	2016-11-02	NA	NA	8.9	NA	1	1	2020-01-24
9787100040945	1013208	/cn/2019/02/how-to-read-a-book	如何阅读一本书	NA	How to Read a Book	[美] 莫提默·J. 艾德勒 / 查尔斯·范多伦	商务印书馆	2004-1	376	2016-11-02	2018-11-21	2019-02-07	8.4	8	1	1	2020-01-24
9787530212004	10517238	NA	平凡的世界	NA	NA	路遥	北京出版集团公司,北京十月文艺出版社	2012-3-1	1251	2016-11-02	NA	NA	9	NA	1	1	2020-01-24
9789863426677	26931905	NA	终极算法	机器学习和人工智能如何重塑世界	The Master Algorithm: How the Quest for the Ultimate Learning Machine Will Remake Our World	[美] 佩德罗·多明戈斯	中信出版集团	2017-1-1	402	2016-09-12	NA	NA	7.1	NA	1	1	2020-01-24
9789571367286	26849519	NA	當呼吸化為空氣	一位天才神經外科醫師最後的生命洞察	When Breath Becomes Air	保羅·卡拉尼提 / Paul Kalanithi	時報文化出版企業股份有限公司	2016-7-31	284	2016-09-12	NA	NA	9.1	NA	1	1	2020-01-24
9789863870920	26751849	NA	NA	NA	NA	NA	NA	NA	NA	2016-09-12	NA	NA	NA	NA	1	1	2020-01-24
9787210079026	26659614	NA	谢谢自己够勇敢	你是最好的自己Vol2.0	NA	张皓宸 / 杨杨	江西人民出版社	2015-11-7	256	2016-07-28	NA	NA	6.9	NA	1	1	2020-01-24
9787533937294	24827144	NA	沥川往事（上下）	NA	NA	施定柔	浙江文艺出版社	2013-7-1	471	2016-07-25	?	?	6.7	8	1	1	2020-01-24
9787121286681	26805816	NA	全世界最简单的西餐	NA	SIMPLISSIME	J.-F. Mallet	电子工业出版社	2016-6-1	384	2016-06-17	?	?	6.7	8	1	1	2020-01-24
9787550273771	26767643	NA	愿所有美好如期而至	NA	NA	十点读书	北京联合出版公司	2016-4	256	2016-06-06	NA	NA	6.8	NA	1	1	2020-01-24
9787508660455	26759508	NA	硅谷钢铁侠	埃隆·马斯克的冒险人生	Elon Musk	[美] 阿什利·万斯	中信出版集团	2016-4	368	2016-06-06	NA	NA	8.1	NA	1	1	2020-01-24
9787503174636	25901715	NA	Lonely Planet 孤独星球：青海（2014年版）	2014全新版	NA	澳大利亚LonelyPlanet公司	中国地图出版社	2014-5-1	333	2016-06-06	NA	NA	8.4	NA	1	1	2020-01-24
9787510446191	25978468	NA	遇见孩子，遇见更好的自己	NA	Intentional Parenting	[美]赛西·高夫 / 戴维·托马斯 / 梅丽莎·切瓦特桑	新世界出版社·阳光博客	2014-10-1	240	2016-06-06	NA	NA	7.6	NA	1	1	2020-01-24
9787811204858	3841198	NA	西藏,改变一生的旅行	(西藏旅游全身心攻略)	NA	尼玛达娃	汕头大学出版社	2011-1	340	2016-06-06	NA	NA	8	NA	1	1	2020-01-24
9787503248955	26426691	NA	西藏	NA	NA	《走遍中国》编辑部	中国旅游出版社	2007-7	340	2016-06-06	NA	NA	7.2	NA	1	1	2020-01-24
9787549550166	25870310	NA	野火集	三十周年纪念版	NA	龙应台	广西师范大学出版社	2014-5	360	2016-06-02	NA	NA	8.8	NA	1	1	2020-01-24
9787508647357	25985021	NA	人类简史	从动物到上帝	A brief history of humankind	[以色列] 尤瓦尔·赫拉利	中信出版社	2014-11	440	2016-06-02	NA	NA	9.1	NA	1	1	2020-01-24
9787121241895	26236917	NA	一本摄影书2	NA	NA	赵嘉 / 爱摄影工社	电子工业出版社	2014-10-10	362	2016-06-02	NA	NA	7	NA	1	1	2020-01-24
9787121202247	24706903	NA	摄影的骨头	高品质数码摄影流程	NA	赵嘉	电子工业出版社	2013-6-1	513	2016-06-02	NA	NA	7.7	NA	1	1	2020-01-24
9787121186684	20502597	NA	光的美学	NA	NA	赵嘉 / 于然	电子工业出版社	2013-1	267	2016-06-02	NA	NA	7.4	NA	1	1	2020-01-24
9787121154904	10426611	NA	一本摄影书	NA	NA	赵嘉 / 爱摄影工社	电子工业出版社	2012-2	377	2016-06-02	NA	NA	8.4	NA	1	1	2020-01-24
9787563932214	19986371	NA	一只特立独行的猪	NA	NA	王小波	北京工业大学出版社	2012-10-1	242	2016-06-02	NA	NA	8.4	NA	1	1	2020-01-24
9787563932221	19986372	NA	沉默的大多数	NA	NA	王小波	北京工业大学出版社	2012-10-1	247	2016-06-02	NA	NA	8.8	NA	1	1	2020-01-24
9787563932252	19986373	NA	我的精神家园	NA	NA	王小波	北京工业大学出版社	2012-10	231	2016-06-02	NA	NA	8.9	NA	1	1	2020-01-24
9787563932207	19986374	NA	青铜时代（上下册）	NA	NA	王小波	NA	2012-10	691	2016-06-02	NA	NA	9	NA	1	1	2020-01-24
9787563932245	19986375	NA	白银时代	NA	NA	王小波	北京工业大学出版社	2012-10	429	2016-06-02	NA	NA	8.5	NA	1	1	2020-01-24
9787563932238	19986376	NA	黄金时代	NA	NA	王小波	北京工业大学出版社	2012-10	444	2016-06-02	NA	NA	8.8	NA	1	1	2020-01-24
9787121138652	6722012	NA	兵书十二卷	摄影器材与技术	NA	赵嘉	电子工业出版社	2011-8	240	2016-06-02	NA	NA	8	NA	1	1	2020-01-24
9787562623656	26735839	NA	"戴旭与美军""中国通""的战略对话"	NA	NA	戴旭 / 马伟宁	国防大学出版社	2016-3-1	NA	2016-06-01	?	?	6.4	7	1	1	2020-01-24
9789576393327	1859994	NA	臺北人	NA	NA	白先勇	爾雅	2002	347	2016-05-09	NA	NA	9.1	NA	1	1	2020-01-24
9789869014946	25897476	NA	S.	NA	S. - Ship of Theseus	J. J. 亞伯拉罕(J. J Abrams) / 道格·道斯特(Doug Dorst)	寂寞	2014-9-18	472	2016-05-05	NA	NA	8.6	NA	1	1	2020-01-24
9787535447340	19940743	NA	文化苦旅	余秋雨三十年散文自选集	NA	余秋雨	长江文艺出版社	2014-2	287	2016-05-05	NA	NA	8.1	NA	1	1	2020-01-24
9787214149879	25759355	NA	边城	2013最新修订纪念典藏版	NA	沈从文	武汉出版社	2013-9	361	2016-05-05	NA	NA	8.6	NA	1	1	2020-01-24
9787121272295	26652329	NA	失控	全人类的最终命运和结局	Out of Control	[美] 凯文·凯利	译言·东西文库／电子工业出版社	2016-1	739	2016-03-10	NA	NA	8.3	NA	1	1	2020-01-24
9787543096158	26656779	NA	当你的才华还撑不起你的梦想时	NA	NA	特立独行的猫	武汉出版社	2016-1-1	256	2016-03-08	NA	NA	7	NA	1	1	2020-01-24
9787505735446	26576605	NA	这么慢，那么美	慢一点，才能发现幸福的全部细节	NA	罗敷	中国友谊出版公司	2015-8-1	232	2016-03-08	?	?	6.1	7	1	1	2020-01-24
9787508636238	20366368	NA	公正	NA	Justice: What's the Right Thing to Do?	[美] 迈克尔·桑德尔	中信出版社	2012-11-30	320	2016-01-19	NA	NA	9	NA	1	1	2020-01-24
9787549564125	26371102	NA	亲爱的安德烈（插图第2版）	两代共读的36封家书	NA	龙应台 / 安德烈	广西师范大学出版社	2015-4	276	2016-01-06	NA	NA	8.8	NA	1	1	2020-01-24
9787508654850	26632580	NA	只要不忘了回家的路	NA	NA	小鹏	中信出版社	2015-10-1	320	2016-01-06	NA	NA	7.5	NA	1	1	2020-01-24
9787549550173	25809269	NA	目送	龙应台“人生三书”之三	NA	龙应台	广西师范大学出版社	2014-1	296	2016-01-06	NA	NA	8.5	NA	1	1	2020-01-24
9787508635040	11614288	NA	我们为什么旅行	NA	NA	小鹏	中信出版社	2012-9	272	2016-01-06	NA	NA	7.2	NA	1	1	2020-01-24
9787513303699	6794016	NA	如何成为一个怪物	NA	NA	冯唐	新星出版社	2011-10	363	2016-01-06	NA	NA	7.5	NA	1	1	2020-01-24
9787549550159	25809148	NA	孩子你慢慢来	龙应台“人生三书”之一	NA	龙应台	广西师范大学出版社	2014-1	160	2016-01-06	?	?	8.7	9	1	1	2020-01-24
9789570524888	5368844	NA	新人生觀-修訂本	NA	NA	羅家倫 / 周玉山 修訂	臺灣商務印書館	2010-6	224	2016-01-04	?	2017-10-31	NA	9	1	1	2020-01-24
9789868456938	3380388	NA	惡搞研習營	NA	NA	[美] 恰克·帕拉尼克	小異出版	2008-12-24	448	2016-01-04	NA	NA	8.9	NA	1	1	2020-01-24
9787300173665	24527516	NA	一年通往作家路	一年通往作家路:提高写作技巧的12堂课	NA	苏珊·M·蒂贝尔吉安	中国人民大学出版社	2013-5	236	2016-01-04	NA	NA	7.4	NA	1	1	2020-01-24
9787300218397	26616470	NA	写小说的艺术	创意写作书系	NA	[英]安德鲁·考恩	中国人民大学出版社	2015-10	NA	2016-01-04	NA	NA	8	NA	1	1	2020-01-24
9787536692930	2567698	NA	三体	“地球往事”三部曲之一	NA	刘慈欣	重庆出版社	2008-1	302	2016-01-04	NA	NA	8.8	NA	1	1	2020-01-24
9787536693968	3066477	NA	三体Ⅱ	黑暗森林	NA	刘慈欣	重庆出版社	2008-5	470	2016-01-04	NA	NA	9.3	NA	1	1	2020-01-24
9787229030933	5363767	NA	三体Ⅲ	死神永生	NA	刘慈欣	重庆出版社	2010-11	513	2016-01-04	NA	NA	9.2	NA	1	1	2020-01-24
9787229004767	3636385	NA	超新星纪元	全本珍藏版	NA	刘慈欣	重庆出版社	2009	342	2016-01-04	NA	NA	7.5	NA	1	1	2020-01-24
9787536455382	1192090	NA	球状闪电	NA	NA	刘慈欣	四川科学技术出版社	2005-6	281	2016-01-04	NA	NA	8.7	NA	1	1	2020-01-24
9787539945545	6558446	NA	生如夏花	泰戈尔经典诗选	NA	[印度] 拉宾德拉纳特·泰戈尔	江苏文艺出版社	2011-7-1	283	2016-01-03	?	?	8.4	8	1	1	2020-01-24
9787538743241	26357936	NA	不念过往  念远方	NA	NA	徐昊原	时代文艺出版社	2015-5-1	224	2015-12-14	NA	NA	5.2	NA	1	1	2020-01-24
9787550263024	26628313	NA	柴犬绅士	都市型男好品位穿搭指南	MENSWEAR DOG PRESENTS THE NEW CLASSICS: Fresh Look for the Modern Man	[美] 大卫·冯 / [美] 叶娜·金	北京联合出版公司	2015-11	160	2015-12-14	NA	NA	8.2	NA	1	1	2020-01-24
9787201083209	25806628	NA	万物生长	NA	NA	冯唐	天津人民出版社	2014-9	240	2015-12-14	NA	NA	7	NA	1	1	2020-01-24
9787201083223	25869807	NA	欢喜	NA	NA	冯唐	天津人民出版社	2014-4	216	2015-12-14	NA	NA	6.6	NA	1	1	2020-01-24
9787201083193	25861738	NA	北京，北京	NA	NA	冯唐	天津人民出版社	2014-3	240	2015-12-14	NA	NA	7	NA	1	1	2020-01-24
9787539975276	26235467	NA	你不懂咖啡	有料、有趣、还有范儿的咖啡知识百科	コーヒー「こつ」の科学―コーヒーを正しく知るために	石胁智广	江苏凤凰文艺出版社	2014-11-1	148	2015-12-14	NA	NA	7.4	NA	1	1	2020-01-24
9787121216824	25747269	NA	颠覆医疗	大数据时代的个人健康革命	The Creative Destruction of Medicine	[美] 埃里克·托普	译言·东西文库／电子工业出版社	2014-1-20	285	2015-12-14	NA	NA	7.7	NA	1	1	2020-01-24
9787201085166	25806635	NA	三十六大	NA	NA	冯唐	天津人民出版社	2014-1	192	2015-12-14	NA	NA	7.4	NA	1	1	2020-01-24
9787201082349	24856639	NA	冯唐诗百首	NA	NA	冯唐	天津人民出版社	2013-7	230	2015-12-14	NA	NA	7	NA	1	1	2020-01-24
9787201083988	25806573	NA	活着活着就老了	NA	NA	冯唐	天津人民出版社	2013-10	344	2015-12-14	NA	NA	7.3	NA	1	1	2020-01-24
9787201083216	25803226	NA	十八岁给我一个姑娘	NA	NA	冯唐	天津人民出版社	2013-10	216	2015-12-14	NA	NA	7	NA	1	1	2020-01-24
9789869125420	NA	NA	爲什麼去遠方	NA	NA	張苡絃	沐風文化出版有限公司	NA	264	2015-12-12	NA	NA	NA	NA	0	1	2018-10-16
4711225310442	4842446	NA	巨流河	NA	NA	齐邦媛	生活·读书·新知三联书店	2010-10	398	2015-12-11	NA	NA	8.7	NA	1	1	2020-01-24
9789868727519	6539859	NA	甲骨文	一次占卜當代中國的旅程	Oracle Bones : A Journey Through Time in China	何偉	八旗文化	NA	557	2015-12-11	NA	NA	NA	NA	0	1	2018-10-16
9789863870371	NA	NA	大江大海一九四九	NA	NA	龍應台	印刻文學生活雜誌出版股份有限公司	NA	416	2015-12-11	NA	NA	NA	NA	0	1	2018-10-16
9789865842666	NA	NA	這才是真實的中國史	NA	NA	宮脇淳子	八旗文化	2015-11-11	304	2015-12-11	NA	NA	NA	NA	0	1	2018-10-16
9787539978406	26295733	NA	我知道你没那么坚强	NA	NA	这么远那么近	江苏凤凰文艺出版社	2015-2-1	282	2015-09-28	NA	NA	7.1	NA	1	1	2020-01-24
9787508646640	26306686	NA	创业维艰	如何完成比难更难的事	The Hard Thing About Hard Things	本·霍洛维茨 Ben Horowitz	中信出版社	2015-2	320	2015-09-28	NA	NA	8.3	NA	1	1	2020-01-24
9787508649719	26297606	NA	从0到1	开启商业与未来的秘密	Zero to One: Notes on Startups, or How to Build the Future	彼得·蒂尔 / 布莱克·马斯特斯	中信出版股份有限公司	2015-1-1	260	2015-09-28	NA	NA	7.5	NA	1	1	2020-01-24
9787514606539	20385769	NA	美军第一狙击手	一个美军海豹突击队员的生死狙击	NA	克里斯·凯尔	NA	2012-12	280	2015-09-21	NA	NA	6.3	NA	1	1	2020-01-24
9787510448324	25850095	NA	大卫·贝克汉姆	NA	David Beckham	[英]大卫·贝克汉姆	新世界出版社	2014-4	288	2015-09-21	?	?	7.6	8	1	1	2020-01-24
9787515508511	25749390	NA	贝影：大卫·贝克汉姆传	NA	NA	《天下足球》	金城出版社	2014-1-1	256	2015-09-21	?	?	8.7	9	1	1	2020-01-24
9787550238541	26638562	NA	最后一颗子弹留给我	NA	NA	刘猛	北京联合出版公司	2019-1	397	2015-09-21	?	?	NA	8	1	1	2020-01-24
9787508653594	26582822	NA	重新定义公司	谷歌是如何运营的	How Google Works	[美] 埃里克·施密特	中信出版社	2015-8	359	2015-09-01	NA	NA	8.2	NA	1	1	2020-01-24
9787213063503	26263563	NA	冲上云霄	大型喷气机的飞行	Flying the Big Jets：All You Wanted to Know About the Jumbos but Couldn't Find a Pilot to Ask	[英]斯坦利·斯图尔特 / [英]约翰·爱德华兹	湛庐文化策划 浙江人民出版社出版	2014-12-1	311	2015-09-01	NA	NA	8	NA	1	1	2020-01-24
9787540458027	25747921	NA	从你的全世界路过	让所有人心动的故事	NA	张嘉佳	湖南文艺出版社	2013-11-1	376	2014-03-15	?	?	7	7	1	1	2020-01-24
9787802325876	20559222	NA	国际特种兵军事手语揭秘	NA	NA	罗志华	时事出版社	2013-2	307	2013-12-29	?	?	NA	7	1	1	2020-01-24
9787508622828	5264779	NA	背包十年	我的职业是旅行	NA	小鹏	中信出版社	2010-10	256	2013-11-11	?	?	7.4	7	1	1	2020-01-24
9787108042453	19958089	NA	我们仨	NA	NA	杨绛	生活·读书·新知三联书店	2012-9	165	2013-11-11	?	?	9	10	1	1	2020-01-24
9787508619439	4722180	NA	谁动了我的奶酪?-纪念版	NA	NA	斯宾塞·约翰逊(Spencer Johnson)	中信出版社	2010-5	105	2013-11-11	?	?	7.7	8	1	1	2020-01-24
9787800875830	1056295	NA	人性的弱点全集	NA	How to Win Friends and Influence People	[美] 戴尔·卡耐基	中国发展出版社	2008-1	496	2013-11-11	?	?	8.2	7	1	1	2020-01-24
9787508640440	24722609	NA	催眠师手记	国内第一部心理推理纪实档案	NA	高铭	中信出版社	2013-7-1	360	2013-11-11	?	?	7.4	6	1	1	2020-01-24
9787505730007	10736800	NA	重口味心理学	怎样证明你不是神经病？	NA	姚尧	中国友谊出版公司	2012-5-1	271	2013-11-11	?	?	6.6	6	1	1	2020-01-24
9787307075429	4242172	NA	天才在左 疯子在右	国内第一本精神病人访谈手记	NA	高铭	武汉大学出版社	2010-2	258	2013-11-11	?	?	8.1	7	1	1	2020-01-24
9787561760710	7064313	NA	突然就走到了西藏	行走的力量	POWER TO GO	陈坤	华东师范大学出版社	2012-1	248	2013-11-11	?	?	7.7	8	1	1	2020-01-24
9787508630069	6798611	NA	史蒂夫·乔布斯传	NA	Steve Jobs: A Biography	[美] 沃尔特·艾萨克森	中信出版社	2011-10-24	560	2013-11-11	?	?	8.7	8	1	1	2020-01-24
9787511316585	6784039	NA	你若安好便是晴天	林徽因传	NA	白落梅	中国华侨出版社	2011-9	263	2013-11-11	?	?	5.7	7	1	1	2020-01-24
9787532744206	2991664	NA	相约星期二	NA	Tuesdays with Morrie	[美] 米奇·阿尔博姆	上海译文出版社	2008-1	196	2013-11-11	?	?	8.7	8	1	1	2020-01-24
9787544253994	6082808	NA	百年孤独	NA	Cien años de soledad	[哥伦比亚] 加西亚·马尔克斯	南海出版公司	2011-6	360	2013-11-11	NA	NA	9.2	NA	1	1	2020-01-24
9787532751655	4920007	NA	不能承受的生命之轻	中文全译本百万纪念版	NA	[捷克] 米兰·昆德拉	上海译文出版社	2010-8	394	2013-11-11	NA	NA	8.8	NA	1	1	2020-01-24
9787507512359	1040397	NA	假如给我三天光明	海伦·凯勒自传	three days to see	海伦・凯勒(helen keller)	华文出版社	2003-1	333	2013-11-11	?	?	8.1	8	1	1	2020-01-24
9787544711296	4894485	NA	麦田里的守望者	NA	The Catcher in the Rye	J·D·塞林格	译林出版社	2010-6	231	2013-11-11	?	?	7.8	8	1	1	2020-01-24
9787544711098	4881637	NA	老人与海	NA	NA	[美] 欧内斯特·海明威	译林出版社	2010-6-1	148	2013-11-11	?	?	8.6	8	1	1	2020-01-24
9787511305206	4987594	NA	小王子	NA	Le Petit Prince	圣埃克苏佩里	中国华侨出版社	2010-8-1	85	2013-11-11	?	?	9.2	9	1	1	2020-01-24
9787535427304	1022060	NA	狼图腾	NA	NA	姜戎	长江文艺出版社	2004-4	408	2013-11-11	?	?	8.2	8	1	1	2020-01-24
9787507527247	4092572	NA	厚黑学大全集	NA	NA	李宗吾	华文出版社	2009-11-1	425	2013-11-11	?	?	7.3	7	1	1	2020-01-24
9787513310369	20497889	NA	全世界人民都知道	NA	NA	李承鹏	新星出版社	2013-1-10	320	2013-03-08	?	?	7.3	7	0	1	2020-01-24
9787508636207	20278327	NA	谁的青春不迷茫	一个奋斗小青年的逆袭人生	NA	刘同	中信出版社	2012-12	408	2013-03-08	?	?	5.8	6	1	1	2020-01-24
9787549529322	20427187	NA	看见	NA	NA	柴静	广西师范大学出版社	2013-1-1	405	2013-03-08	?	?	8.8	9	1	1	2020-01-24
9787547206294	6395281	NA	FBI教你读心术	NA	What Every Body is Saying	[美]乔·纳瓦罗 / [美]马文·卡尔林斯	吉林文史出版社	2011-5-16	294	2012-11-11	?	?	6.8	6	1	1	2020-01-24
9787229043582	6724865	NA	坚不可摧	一个关于生存、抗争和救赎的二战故事	Unbroken: A World War II Story of Survival, Resilience, and Redemption	[美] 劳拉·希伦布兰德	重庆出版社	2011-8	398	2012-11-11	?	?	8.8	8	1	1	2020-01-24
9787802254893	3098671	NA	士兵突击完全版	NA	NA	兰晓龙	新星出版社	2008	424	2012-03-04	?	?	9.2	10	1	1	2020-01-24
9787810620253	2103239	NA	缉捕术	NA	NA	王勇主编	警官教育出版社	1998-1	280	2011-11-11	?	?	NA	NA	1	1	2020-01-24
9787802117723	3402743	NA	简爱	NA	NA	[英] 夏洛蒂·勃朗特	中央编译出版社	2008-11	622	2011-07-21	?	?	8.8	8	1	1	2020-01-24
9787802117327	3268582	NA	Pride and Prejudice	NA	NA	[英] 简·奥斯汀	中央编译出版社	2008-9	505	2011-07-21	?	?	8.9	8	1	1	2020-01-24
9787508620824	4860552	NA	活着就为改变世界	史蒂夫·乔布斯传	NA	[美] 杰弗里·扬 / 威廉·西蒙	中信出版社	2010-6	270	2010-11-05	?	?	7.1	8	1	1	2020-01-24
9787508621050	4860526	NA	乔布斯的魔力演讲	NA	The Presentation Secrets of Steve Jobs	[美]卡迈恩·加洛	中信出版社	2010-7	276	2010-11-05	?	?	7.6	7	1	1	2020-01-24
9787807596899	3714608	NA	活在当下	365日静心课	NA	约瑟夫·牛顿	万卷出版公司	2009-4	364	2009-06-28	?	?	7.5	8	1	1	2020-01-24
9787300087016	2347737	NA	深夜加油站遇见苏格拉底	NA	Way of the Peaceful Warrior: A Book That Changes Lives	[美] 丹·米尔曼	中国人民大学出版社	2007-11	192	2009-06-28	?	?	8	9	1	1	2020-01-24
9787505416772	2209098	NA	致我们终将逝去的青春	NA	NA	辛夷坞	朝华出版社	2007-8	315	2008-12-09	?	?	7.8	8	1	1	2020-01-24
9787501217892	1083403	NA	世界上最伟大的推销员	插图本珍藏版	The Greatest Salesman in the World	[美] 奥格·曼狄诺	世界知识出版社	2002-8	245	2008-12-09	?	?	7.9	9	1	1	2020-01-24
9787544700412	1806762	NA	我的儿子贝克汉姆	NA	NA	[英国]特德·贝克汉姆	译林出版社	2006-6	238	2008-12-09	?	?	7.9	8	1	1	2020-01-24
9787507415612	1049924	NA	大卫·贝克汉姆	我的立场	NA	（英）贝克汉姆	中国城市出版社	2003-11	343	2008-12-09	?	?	7.5	8	1	1	2020-01-24
9787544305488	1064298	NA	海蒂性学报告：男人篇	NA	NA	[美] 雪儿·海蒂	海南出版社	2002-9	774	2008-12-09	?	?	7.6	8	1	1	2020-01-24
9787807531920	3007205	NA	名枪的历史	NA	NA	张金军	哈尔滨	2008-2	193	2008-11-13	?	?	7.6	7	1	1	2020-01-24
9787212031480	3178518	NA	世界武器图典	公元前5000年-公元前21世纪	The New Weapons of the World Encyclopedia	The Diagram Group	安徽人民出版社	2008.8	343	2008-11-13	?	?	8.3	8	1	1	2020-01-24
9781626362376	24138021	NA	Instrument Flying Handbook	NA	NA	Federal Aviation Administration	NA	2013-9	368	NA	NA	NA	NA	NA	1	1	2020-01-24
9787508630250	25777432	NA	罗马人的故事（礼品装，全15册）	NA	ローマ人の物語	盐野七生	中信出版社	2013-11-1	5250	NA	NA	NA	9.1	NA	1	1	2020-01-24
9781629142258	4589507	NA	Pilot's Handbook of Aeronautical Knowledge	NA	NA	Federal Aviation Administration	NA	2009-11	352	NA	NA	NA	NA	NA	1	1	2020-01-24
