imdb_id	douban_id	blog_link	title	directors	actors	countries	genres	release_date	watch_date	is_tv	imdb_rating	douban_rating	rating	auto_update	updated_date
tt10919420	34812928	NA	鱿鱼游戏	黄东赫	李政宰, 朴海秀, 魏化俊, 孔刘, 李秉宪, 吴永洙, 郑浩妍, 许成泰, 金周灵, 李瑜美, 阿努帕姆·特里帕蒂, 金英玉, 金范来, 李书焕, 金英善, 朴惠珍, 姜末琴, 杰弗里·朱利亚诺, 约翰 D.迈克斯, 丹尼尔·C·肯尼迪	韩国	悬疑, 惊悚	2021-09-17	2021-09-25	TRUE	NA	7.7	7	1	2021-10-06
tt6264654	30337388	NA	失控玩家	肖恩·利维	瑞安·雷诺兹, 朱迪·科默, 乔·基瑞, 里尔·莱尔·哈瓦瑞, 塔伊加·维迪提, 乌特卡什·安邦德卡尔, 查宁·塔图姆, 休·杰克曼, 道恩·强森, 克里斯·埃文斯, 约翰·卡拉辛斯基, 蒂娜·菲, 卡米尔·科斯塔克, 布丽特妮·欧德福特, 肯尼斯·以色列, 亚历克斯·崔贝克, 劳拉·斯宾塞, 马修·卡德罗普, 迈克尔·陶, 野村祐人, Raj Jawa, 何塞·冈斯·阿尔维斯, 欧文·伯克, 加布里埃尔·洛莱斯, 雷吉纳·托芬, 珍妮尔·费格利, 泰特·弗莱彻, 香农·哈特曼, 金伯利·豪威, Mark Lainer, Mike Devine, 亚伦·W·里德, Sophie Levy, Vernon Scott, Naheem Garcia	美国, 加拿大	喜剧, 动作, 科幻	2021-08-27	2021-10-01	FALSE	7.6	7.6	8	1	2021-10-06
tt13024974	35028876	NA	D.P：逃兵追缉令	韩俊熙	丁海寅, 具教焕, 金成钧, 孙锡久, 元智安, 李濬荣, 高庚杓, 朴柾佑, 李雪, 玄奉植, 申承浩, 赵贤哲, 洪京, 权海骁, 李仲玉, 金范洙	韩国	剧情, 动作, 犯罪	2021-08-27	2021-09-01	TRUE	8.8	9.2	9	1	2021-09-05
tt12624504	35125443	NA	1921	黄建新, 郑大圣	黄轩, 倪妮, 王仁君	中国大陆	剧情, 历史	2021-07-01	2021-07-04	FALSE	3.4	6.7	6	1	2021-07-06
tt8519380	29984000	NA	热带往事	温仕培	彭于晏, 张艾嘉, 王砚辉	中国大陆	剧情, 犯罪, 悬疑	2021-06-12	2021-06-13	FALSE	NA	6.5	7	1	2021-06-25
tt11448076	32493124	NA	悬崖之上	张艺谋	张译, 于和伟, 秦海璐	中国大陆, 中国香港	剧情, 动作, 悬疑	2021-04-30	2021-05-01	FALSE	NA	7.7	7	1	2021-05-01
tt2458948	10428501	NA	新·福音战士剧场版：终	庵野秀明, 鹤卷和哉, 中山胜一	绪方惠美, 林原惠美, 宫村优子	日本	剧情, 科幻, 动画	2021-03-08	2021-08-14	FALSE	8.2	9.2	9	1	2021-08-16
tt13634792	35027568	NA	窥探	崔俊裴	李昇基, 李熙俊, 朴柱炫, 景收真, 安在旭, 金贞兰, 权华焕, 赵在允, 金英玉, 安内相, 金英在, 表志勋, 禹志贤	韩国	剧情, 犯罪, 悬疑	2021-03-03	2021-09-04	TRUE	8.8	8.6	7	1	2021-09-05
tt13000980	35155748	NA	金刚川	管虎, 郭帆, 路阳	张译, 吴京, 李九霄	中国大陆	剧情, 战争	2020-10-23	2020-11-01	FALSE	5.7	6.5	6	1	2021-04-11
tt12740326	35069506	NA	一点就到家	许宏宇	刘昊然, 彭昱畅, 尹昉	中国大陆	剧情, 喜剧	2020-10-04	2020-11-28	FALSE	6.2	6.7	6	1	2021-04-11
tt11464826	34960008	NA	监视资本主义：智能陷阱	杰夫·奥洛威斯基	杰伦·拉尼尔, 罗杰·麦克纳米, 斯凯勒·吉桑多	美国	纪录片	2020-09-09	2021-02-15	FALSE	7.6	8.7	8	1	2021-04-11
tt6723592	30444960	NA	信条	克里斯托弗·诺兰	约翰·大卫·华盛顿, 罗伯特·帕丁森, 伊丽莎白·德比茨基	美国, 英国	剧情, 动作, 科幻	2020-09-04	2020-12-06	FALSE	7.5	7.7	7	1	2021-04-11
tt7294150	26754233	NA	八佰	管虎	王千源, 张译, 姜武	中国大陆	剧情, 历史, 战争	2020-08-21	2020-08-30	FALSE	7	7.6	8	1	2021-04-11
tt12477942	33404425	NA	隐秘的角落	辛爽	秦昊, 王景春, 荣梓杉	中国大陆	剧情, 犯罪, 悬疑	2020-06-16	2020-05-26	TRUE	8.3	8.9	8	1	2021-04-11
tt11474084	34845712	NA	三叉戟	刘海波	陈建斌, 董勇, 郝平	中国大陆	剧情, 犯罪	2020-05-31	2020-05-25	TRUE	6.8	7.7	7	1	2021-04-11
tt12079212	34930834	NA	谁是被害者 第一季	庄绚维, Allen Chen, 陈冠仲	张孝全, 许玮甯, 王识贤	中国台湾	犯罪, 悬疑	2020-04-30	2020-05-01	TRUE	7.4	8	7	1	2021-04-11
NA	35006021	NA	文学的日常	王圣志	马原, 吴啸海, 马家辉	中国大陆	纪录片	2020-04-16	2020-05-17	TRUE	NA	8.4	9	1	2021-04-11
tt11769304	33464863	NA	机智医生生活	申源浩	曹政奭, 柳演锡, 郑敬淏	韩国	剧情	2020-03-12	2020-03-12	TRUE	8.7	9.5	9	1	2021-04-11
tt11239552	34617196	NA	梨泰院Class	金善允	朴叙俊, 金多美, 权娜拉	韩国	剧情	2020-01-31	2020-03-01	TRUE	8.2	7.2	8	1	2021-04-11
tt9243442	30317706	NA	特警队	丁晟	凌潇肃, 贾乃亮, 金晨	中国大陆	动作	2019-12-27	2020-01-28	FALSE	4.2	5.1	6	1	2021-04-11
tt10564446	33436135	NA	只有芸知道	冯小刚	黄轩, 杨采钰, 徐帆	中国大陆	剧情, 爱情	2019-12-20	2020-01-29	FALSE	5.9	6.4	8	1	2021-04-11
tt11285908	30200087	NA	白头山	李海准, 金丙书	李秉宪, 河正宇, 马东锡	韩国	动作, 灾难	2019-12-19	2020-01-27	FALSE	6.2	6.4	7	1	2021-04-11
tt10850932	33425578	NA	爱的迫降	李政孝	玄彬, 孙艺珍, 徐智慧	韩国	剧情, 喜剧, 爱情	2019-12-14	2020-01-01	TRUE	8.7	8.3	8	1	2021-04-11
NA	33418361	NA	但是还有书籍	罗颖鸾, 杨骊珠, 王悦阳	朱岳, 俞国林, 范晔	中国大陆	纪录片	2019-12-11	2020-03-21	TRUE	NA	9.2	9	1	2021-04-11
tt7975244	30128985	NA	勇敢者游戏2：再战巅峰	杰克·卡斯丹	道恩·强森, 凯伦·吉兰, 杰克·布莱克	美国	喜剧, 动作, 奇幻	2019-12-06	2019-12-06	FALSE	6.6	6	6	1	2021-04-11
tt11262762	30468961	NA	想见你	黄天仁	柯佳嬿, 许光汉, 施柏宇	中国台湾	爱情, 悬疑, 奇幻	2019-11-17	2020-02-08	TRUE	8.6	9.2	8	1	2021-04-11
tt0120731	1292001	NA	海上钢琴师	朱塞佩·托纳多雷	蒂姆·罗斯, 普路特·泰勒·文斯, 比尔·努恩	意大利	剧情, 音乐	2019-11-15	NA	FALSE	8.1	9.3	8	1	2021-04-11
tt6924650	26786669	NA	决战中途岛	罗兰·艾默里奇	艾德·斯克林, 帕特里克·威尔森, 伍迪·哈里森	中国大陆, 中国香港, 加拿大, 美国	剧情, 历史, 战争	2019-11-08	2019-11-09	FALSE	6.7	7.7	7	1	2021-04-11
tt10895588	30338164	NA	罪梦者	陈映蓉	张孝全, 贾静雯, 范晓萱	中国台湾	犯罪, 悬疑	2019-10-31	2020-02-22	TRUE	5.6	7.1	8	1	2021-04-11
tt10405394	33218325	NA	60天，指定幸存者	柳钟善	池珍熙, 李浚赫, 许峻豪	韩国	剧情, 犯罪, 悬疑	2019-07-01	2019-01-26	TRUE	8.1	8.5	8	1	2021-04-11
tt0245429	1291561	NA	千与千寻	宫崎骏	柊瑠美, 入野自由, 夏木真理	日本	剧情, 动画, 奇幻	2019-06-21	NA	FALSE	8.6	9.4	8	1	2021-04-11
tt11182816	30378681	NA	噬罪者	赖孟杰, 张亨如	庄凯勋, 夏于乔, 曹晏豪	中国台湾	剧情, 犯罪	2019-06-08	2019-08-25	TRUE	8.1	8.1	8	1	2021-04-11
tt10073114	30181230	NA	我们与恶的距离	林君阳	贾静雯, 温升豪, 吴慷仁	中国台湾	剧情	2019-03-24	2019-07-01	TRUE	9.1	9.4	8	1	2021-04-11
tt9581076	26715636	NA	地久天长	王小帅	王景春, 咏梅, 齐溪	中国大陆	剧情, 家庭	2019-03-22	2019-01-26	FALSE	7.7	8.1	8	1	2021-04-11
tt9561862	30424374	NA	爱，死亡和机器人 第一季	维克多·马尔多纳多, 加布里埃尔·彭纳基奥利, 阿尔弗雷多·托雷斯	斯科特·怀特, 诺兰·诺斯, 马修·杨·金	美国	喜剧, 科幻, 动画	2019-03-15	2019-01-26	TRUE	8.5	9.2	9	1	2021-04-11
tt6966692	27060077	NA	绿皮书	彼得·法雷里	维果·莫腾森, 马赫沙拉·阿里, 琳达·卡德里尼	美国, 中国大陆	剧情, 喜剧, 传记	2019-03-01	2019-03-02	FALSE	8.2	8.9	7	1	2021-04-11
tt7605074	26266893	NA	流浪地球	郭帆	屈楚萧, 吴京, 李光洁	中国大陆	科幻, 冒险, 灾难	2019-02-05	2019-02-14	FALSE	6	7.9	8	1	2021-04-11
tt9351980	30390700	NA	美国工厂	史蒂文·博格纳尔, 朱莉娅·赖克特	曹德旺, 王河, Junming 'Jimmy' Wang	美国	纪录片	2019-01-25	2020-02-29	FALSE	7.4	8.3	7	1	2021-04-11
tt5463162	26588308	NA	死侍2：我爱我家	大卫·雷奇	瑞恩·雷诺兹, 乔什·布洛林, 朱利安·迪尼森	美国	喜剧, 动作, 科幻	2019-01-25	2019-01-25	FALSE	7.7	7.3	8	1	2021-04-11
tt7046974	27042467	NA	摇摆狂潮	姜炯哲	都暻秀, 朴慧秀, 吴政世	韩国	剧情, 战争, 歌舞	2018-12-19	2019-01-26	FALSE	7.5	8.2	7	1	2021-04-11
tt0096283	1291560	NA	龙猫	宫崎骏	日高法子, 坂本千夏, 糸井重里	日本	动画, 奇幻, 冒险	2018-12-14	NA	FALSE	8.2	9.2	9	1	2021-04-11
tt8434380	26366496	NA	邪不压正	姜文	彭于晏, 廖凡, 姜文	中国大陆	剧情, 喜剧, 动作	2018-07-13	2018-12-31	FALSE	6.4	7	8	1	2021-04-11
tt8507402	30232339	NA	你的孩子不是你的孩子	陈慧翎	柯素云, 刘子铨, 曾少宗	中国台湾	剧情, 科幻, 家庭	2018-07-07	2019-01-01	TRUE	7.4	8.5	8	1	2021-04-11
tt7362036	26752088	NA	我不是药神	文牧野	徐峥, 王传君, 周一围	中国大陆	剧情, 喜剧	2018-07-05	2018-07-06	FALSE	7.9	9	7	1	2021-04-11
tt7282468	26842702	NA	燃烧	李沧东	刘亚仁, 史蒂文·元, 全钟瑞	韩国	剧情, 犯罪, 悬疑	2018-05-16	2018-07-02	FALSE	7.5	8	8	1	2021-04-11
tt1677720	4920389	NA	头号玩家	史蒂文·斯皮尔伯格	泰伊·谢里丹, 奥利维亚·库克, 本·门德尔森	美国	动作, 科幻, 冒险	2018-03-30	2019-01-26	FALSE	7.4	8.7	8	1	2021-04-11
tt2557478	20435622	NA	环太平洋：雷霆再起	斯蒂文·S·迪奈特	约翰·博耶加, 卡莉·史派妮, 斯科特·伊斯特伍德	英国, 中国大陆, 日本, 美国	动作, 科幻, 冒险	2018-03-23	NA	FALSE	5.6	5.5	6	1	2021-04-11
tt7976532	27068596	NA	Live	金奎泰	郑有美, 李光洙, 裴晟祐	韩国	剧情, 犯罪	2018-03-10	2020-07-01	TRUE	8.4	9.2	8	1	2021-04-11
tt5027774	26611804	NA	三块广告牌	马丁·麦克唐纳	弗兰西斯·麦克多蒙德, 伍迪·哈里森, 山姆·洛克威尔	美国, 英国	剧情, 犯罪	2018-03-02	2019-03-09	FALSE	8.1	8.7	8	1	2021-04-11
tt6878882	26861685	NA	红海行动	林超贤	张译, 黄景瑜, 海清	中国大陆, 中国香港	动作, 战争	2018-02-16	2018-02-23	FALSE	6.7	8.3	8	1	2021-04-11
tt2401825	6874741	NA	无问西东	李芳芳	章子怡, 黄晓明, 张震	中国大陆	剧情, 爱情, 战争	2018-01-12	NA	FALSE	6.4	7.6	8	1	2021-04-11
tt7160070	11584016	NA	与神同行：罪与罚	金容华	河正宇, 车太贤, 朱智勋	韩国	剧情, 奇幻	2017-12-20	NA	FALSE	7.3	7.8	8	1	2021-04-11
tt6654316	26862829	NA	芳华	冯小刚	黄轩, 苗苗, 钟楚曦	中国大陆	剧情, 历史, 战争	2017-12-15	NA	FALSE	7.1	7.6	8	1	2021-04-11
tt6769508	26863778	NA	铁雨	杨宇硕	郑雨盛, 郭度沅, 金甲洙	韩国	动作, 惊悚	2017-12-14	NA	FALSE	7.1	8.2	8	1	2021-04-11
tt7622902	27081753	NA	机智牢房生活	申源浩	朴海秀, 郑敬淏, 郑秀晶	韩国	剧情, 喜剧	2017-11-22	2018-01-24	TRUE	8.4	9.4	9	1	2021-04-11
tt6788942	27024903	NA	天才枪手	纳塔吾·彭皮里亚	茱蒂蒙·琼查容苏因, 查侬·散顶腾古, 依莎亚·贺苏汪	泰国	剧情, 犯罪, 悬疑	2017-10-13	2017-10-30	FALSE	7.6	8.2	9	1	2021-04-11
tt7431894	27038183	NA	羞羞的铁拳	宋阳, 张吃鱼	艾伦, 马丽, 沈腾	中国大陆	喜剧, 奇幻	2017-09-30	NA	FALSE	6.2	6.8	6	1	2021-04-11
tt1615160	25723583	NA	英伦对决	马丁·坎贝尔	成龙, 皮尔斯·布鲁斯南, 刘涛	英国, 中国大陆, 美国	动作, 犯罪	2017-09-30	NA	FALSE	7	7	6	1	2021-04-11
tt6908536	26753020	NA	空天猎	李晨	李晨, 范冰冰, 王千源	中国大陆	剧情, 动作, 战争	2017-09-29	NA	FALSE	6.1	5	6	1	2021-04-11
tt7342204	27000061	NA	我能说	金炫锡	罗文姬, 李帝勋, 廉惠兰	韩国	剧情, 喜剧	2017-09-21	2018-07-15	FALSE	7.5	8.8	9	1	2021-04-11
tt3843282	26430107	NA	二十二	郭柯	韦绍兰, 罗善学	中国大陆	纪录片	2017-08-14	NA	FALSE	7.4	8.7	8	1	2021-04-11
tt6878038	26705541	NA	出租车司机	张勋	宋康昊,托马斯·克莱舒曼,柳俊烈,柳海真,朴赫权	韩国	剧情,历史	2017-08-02	NA	FALSE	7.9	9.1	8	0	2018-10-16
tt7131870	26363254	NA	战狼2	吴京	吴京, 弗兰克·格里罗, 吴刚	中国大陆	动作, 战争	2017-07-27	2017-09-24	FALSE	6	7.1	7	1	2021-04-11
tt5969696	26445216	NA	军舰岛	柳昇完	黄政民, 苏志燮, 宋仲基	韩国	剧情, 动作, 历史	2017-07-26	2017-09-24	FALSE	7.1	7.8	7	1	2021-04-11
tt5636668	25884801	NA	记忆大师	陈正道	黄渤, 段奕宏, 徐静蕾	中国大陆	剧情, 犯罪, 悬疑	2017-04-28	NA	FALSE	6.5	7.1	6	1	2021-04-11
tt5956006	26639958	NA	春娇救志明	彭浩翔	余文乐, 杨千嬅, 蒋梦婕	中国香港, 中国大陆	剧情, 喜剧, 爱情	2017-04-28	NA	FALSE	6.5	7	7	1	2021-04-11
tt6041030	26704590	NA	一念无明	黄进	曾志伟, 余文乐, 方皓玟	中国香港	剧情, 家庭	2017-04-07	NA	FALSE	7.3	7.9	6	1	2021-04-11
tt6461514	26862259	NA	乘风破浪	韩寒	邓超, 彭于晏, 赵丽颖	中国大陆	剧情, 喜剧	2017-01-28	NA	FALSE	6.5	6.8	5	1	2021-04-11
tt5644740	26410593	NA	王者	韩在林	赵寅成, 郑雨盛, 裴晟祐	韩国	剧情, 动作, 犯罪	2017-01-18	NA	FALSE	6.8	7.7	8	1	2021-04-11
tt2057392	10484117	NA	天空之眼	加文·胡德	海伦·米伦, 亚伦·保尔, 艾伦·瑞克曼	英国, 加拿大	剧情, 战争	2017-01-13	2016-06-21	FALSE	7.3	7.8	7	1	2021-04-11
tt4846340	26615208	NA	隐藏人物	西奥多·梅尔菲	塔拉吉·P·汉森, 奥克塔维亚·斯宾瑟, 加奈儿·梦奈	美国	剧情, 传记, 历史	2016-12-25	2021-03-30	FALSE	7.8	8.8	8	1	2021-05-01
tt2119532	26325320	NA	血战钢锯岭	梅尔·吉布森	安德鲁·加菲尔德, 萨姆·沃辛顿, 文斯·沃恩	澳大利亚, 美国	剧情, 传记, 历史	2016-12-08	NA	FALSE	8.1	8.7	7	1	2021-04-11
tt5311514	26683290	NA	你的名字。	新海诚	神木隆之介, 上白石萌音, 长泽雅美	日本	剧情, 爱情, 动画	2016-12-02	2017-09-24	FALSE	8.4	8.4	8	1	2021-04-11
tt6388082	26582438	NA	哥	全秀庆	都暻秀, 曹政奭, 朴信惠	韩国	剧情	2016-11-23	2020-04-13	FALSE	7.3	7.6	7	1	2021-04-11
tt2513074	25983044	NA	比利·林恩的中场战事	李安	乔·阿尔文, 加内特·赫德兰, 克里斯汀·斯图尔特	美国, 英国, 中国大陆	剧情, 战争	2016-11-11	2016-11-13	FALSE	6.2	8.3	8	1	2021-04-11
tt6044910	25815034	NA	湄公河行动	林超贤	张涵予, 彭于晏, 孙淳	中国大陆, 中国香港	剧情, 动作, 犯罪	2016-09-30	NA	FALSE	6.6	8	7	1	2021-04-11
tt5805026	26351526	NA	幸运是我	罗耀辉	惠英红, 陈家乐, 刘雅瑟	中国香港, 中国大陆	剧情, 家庭	2016-08-26	2016-09-22	FALSE	7.2	8	8	1	2021-04-11
tt4196776	26266072	NA	谍影重重5	保罗·格林格拉斯	马特·达蒙, 汤米·李·琼斯, 艾丽西亚·维坎德	美国, 中国大陆, 西班牙	动作, 悬疑, 惊悚	2016-08-23	NA	FALSE	6.6	7.5	7	1	2021-04-11
tt5910280	26410594	NA	隧道	金成勋	河正宇, 裴斗娜, 吴达洙	韩国	剧情	2016-08-10	NA	FALSE	6.9	7.9	7	1	2021-04-11
NA	20444535	NA	遇见王沥川	陈铭章	高以翔, 焦俊艳, 连凯	中国大陆	剧情, 爱情	2016-07-22	NA	TRUE	NA	8.9	8	1	2021-04-11
tt1920885	5045678	NA	大鱼海棠	梁旋, 张春	季冠霖, 苏尚卿, 许魏洲	中国大陆	剧情, 动画, 奇幻	2016-07-08	NA	FALSE	7.1	6.9	7	1	2021-04-11
tt5700672	25986180	NA	釜山行	延尚昊	孔刘, 郑有美, 马东锡	韩国	动作, 惊悚, 灾难	2016-05-13	NA	FALSE	7.6	8.6	8	1	2021-04-11
tt3214392	10831445	NA	百鸟朝凤	吴天明	陶泽如, 李岷城, 嵇波	中国大陆	剧情, 音乐	2016-05-06	NA	FALSE	7	8.2	6	1	2021-04-11
tt1431045	3718279	NA	死侍	蒂姆·米勒	瑞恩·雷诺兹, 莫蕾娜·巴卡琳, 艾德·斯克林	美国, 加拿大	喜剧, 动作, 科幻	2016-02-12	NA	FALSE	8	7.8	6	1	2021-04-11
tt1618442	10440076	NA	最后的巫师猎人	布瑞克·埃斯纳尔	范·迪塞尔, 露丝·莱斯利, 伊利亚·伍德	美国	动作, 奇幻, 冒险	2016-01-15	NA	FALSE	6	5.9	7	1	2021-04-11
tt4701702	24751756	NA	老炮儿	管虎	冯小刚, 许晴, 张涵予	中国大陆	剧情, 犯罪	2015-12-24	NA	FALSE	7	7.6	6	1	2021-04-11
tt5231950	26461145	NA	一把青	曹瑞原	杨谨华, 天心, 连俞涵	中国台湾	剧情, 爱情	2015-12-19	2016-11-08	TRUE	8.4	9.3	10	1	2021-04-11
NA	26602234	NA	冲天	张钊维	金士杰, 张艾嘉, 蔡灿得	中国台湾	纪录片	2015-12-11	NA	FALSE	NA	9.4	9	1	2021-04-11
tt3659388	25864085	NA	火星救援	雷德利·斯科特	马特·达蒙, 杰西卡·查斯坦, 克里斯汀·韦格	英国, 美国, 匈牙利, 约旦	剧情, 科幻, 冒险	2015-11-25	NA	FALSE	8	8.5	8	1	2021-04-11
tt2379713	11620560	NA	007：幽灵党	萨姆·门德斯	丹尼尔·克雷格, 克里斯托弗·瓦尔兹, 蕾雅·赛杜	英国, 美国, 奥地利, 墨西哥, 意大利, 摩洛哥	动作, 惊悚, 冒险	2015-11-13	NA	FALSE	6.8	6.4	7	1	2021-04-11
tt5182866	26302614	NA	请回答1988	申源浩	成东日, 李一花, 罗美兰	韩国	剧情, 喜剧, 爱情	2015-11-06	NA	TRUE	9.1	9.7	9	1	2021-04-11
tt2381249	10727641	NA	碟中谍5：神秘国度	克里斯托弗·麦奎里	汤姆·克鲁斯, 杰瑞米·雷纳, 丽贝卡·弗格森	美国, 中国香港, 中国大陆	动作, 惊悚, 冒险	2015-09-08	NA	FALSE	7.4	7.8	7	1	2021-04-11
tt4079152	24719063	NA	烈日灼心	曹保平	邓超, 段奕宏, 郭涛	中国大陆	剧情, 犯罪, 悬疑	2015-08-27	NA	FALSE	7.2	8.2	7	1	2021-04-11
tt2679042	21350962	NA	代号47	亚历山大·巴赫	鲁伯特·弗兰德, 汉娜·韦尔, 扎克瑞·昆图	美国, 英国, 德国, 加拿大	动作, 犯罪, 惊悚	2015-08-21	NA	FALSE	5.7	6.2	6	1	2021-04-11
tt4471428	26306656	NA	醉·生梦死	张作骥	李鸿其, 黄尚禾, 吕雪凤	中国台湾	剧情, 同性, 家庭	2015-08-07	NA	FALSE	7.1	7.2	6	1	2021-04-11
tt1562328	3824672	NA	听说	郑芬芬	彭于晏, 陈意涵, 陈妍希	中国台湾	剧情, 爱情	2015-06-26	NA	FALSE	7.5	8.1	7	1	2021-04-11
tt2126355	25786077	NA	末日崩塌	布拉德·佩顿	道恩·强森, 亚历珊德拉·达达里奥, 卡拉·古奇诺	美国, 澳大利亚	动作, 冒险, 灾难	2015-06-02	NA	FALSE	6.1	7	7	1	2021-04-11
tt3540136	24753810	NA	战狼	吴京	吴京, 余男, 斯科特·阿金斯	中国大陆	动作, 战争	2015-04-02	NA	FALSE	5.4	6.9	7	1	2021-04-11
tt2245084	11026735	NA	超能陆战队	唐·霍尔, 克里斯·威廉姆斯	斯科特·安第斯, 瑞恩·波特, 丹尼尔·海尼	美国	喜剧, 动作, 科幻	2015-02-28	NA	FALSE	7.8	8.7	7	1	2021-04-11
tt3541262	7065161	NA	鸣梁海战	金韩民	崔岷植, 柳承龙, 赵震雄	韩国	剧情, 传记, 动作	2014-12-12	NA	FALSE	7.1	7.1	9	1	2021-04-11
tt2713180	23331914	NA	狂怒	大卫·阿耶	布拉德·皮特, 希亚·拉博夫, 罗根·勒曼	美国, 中国大陆, 英国	剧情, 动作, 战争	2014-11-21	NA	FALSE	7.6	7.9	8	1	2021-04-11
tt0114996	1292213	NA	大话西游之大圣娶亲	刘镇伟	周星驰, 吴孟达, 朱茵	中国香港, 中国大陆	喜剧, 爱情, 奇幻	2014-10-24	NA	FALSE	8	9.2	8	1	2021-04-11
tt4012914	20515070	NA	军中乐园	钮承泽	阮经天, 万茜, 陈意涵	中国台湾, 中国大陆	剧情, 历史, 爱情	2014-09-05	NA	FALSE	6.7	7.4	7	1	2021-04-11
tt3948350	25857856	NA	十六个夏天	许富翔	林心如, 杨一展, 谢佳见	中国台湾	剧情, 爱情	2014-07-19	NA	TRUE	7.1	7.9	8	1	2021-04-11
tt1631867	4746257	NA	明日边缘	道格·里曼	汤姆·克鲁斯, 艾米莉·布朗特, 布莱丹·格里森	美国, 加拿大	动作, 科幻	2014-06-06	NA	FALSE	7.9	8.1	7	1	2021-04-11
tt3158408	26236632	NA	三十二	郭柯	韦绍兰, 罗善学	中国大陆	纪录片	2014-03-30	NA	FALSE	8.3	9.4	8	1	2021-04-11
tt3268458	25785114	NA	互联网之子	布莱恩·耐本伯格	亚伦·斯沃茨, 蒂姆·伯纳斯-李, 科利·多克托罗	美国	传记, 纪录片	2014-01-20	NA	FALSE	8	9.1	9	1	2021-04-11
tt1091191	3836070	NA	孤独的幸存者	彼得·博格	马克·沃尔伯格, 泰勒·克奇, 埃米尔·赫斯基	美国, 英国	剧情, 传记, 动作	2013-12-25	NA	FALSE	7.5	8.1	8	1	2021-04-11
tt2315152	6844868	NA	狼少年	赵圣熙	宋仲基, 朴宝英, 柳演锡	韩国	爱情, 奇幻	2013-12-19	NA	FALSE	7.3	8	7	1	2021-04-11
tt3404140	21937445	NA	辩护人	杨宇硕	宋康昊, 金英爱, 吴达洙	韩国	剧情	2013-12-18	NA	FALSE	7.7	9.2	8	1	2021-04-11
tt4275672	25772642	NA	我的自由年代	吴蒙恩	李国毅, 任容萱, 是元介	中国台湾	剧情, 爱情	2013-11-08	2020-02-02	TRUE	6.5	8.4	8	1	2021-04-11
tt2042568	6887029	NA	醉乡民谣	伊桑·科恩, 乔尔·科恩	奥斯卡·伊萨克, 凯瑞·穆里根, 约翰·古德曼	美国, 英国, 法国	剧情, 音乐	2013-11-06	2018-07-15	FALSE	7.5	8.1	7	1	2021-04-11
tt3153634	21937452	NA	素媛	李濬益	薛耿求,严志媛,李来,金海淑,金相浩,罗美兰	韩国	剧情	2013-10-02	NA	FALSE	8.3	9.1	8	0	2018-10-16
tt3204696	11510624	NA	全民目击	非行	孙红雷, 余男, 郭富城	中国大陆	剧情, 犯罪, 悬疑	2013-09-13	NA	FALSE	7	7.8	7	1	2021-04-11
tt2351310	10432911	NA	流感	金成洙	张赫, 秀爱, 朴敏荷	韩国	剧情, 动作, 冒险	2013-08-14	NA	FALSE	6.6	7.7	8	1	2021-04-11
tt2990738	21360417	NA	恐怖直播	金秉祐	河正宇, 李璟荣, 全慧珍	韩国	剧情, 犯罪, 悬疑	2013-07-31	NA	FALSE	7.1	8.7	8	1	2021-04-11
tt1663662	5323968	NA	环太平洋	吉尔莫·德尔·托罗	查理·汉纳姆, 菊地凛子, 伊德里斯·艾尔巴	美国	动作, 科幻, 冒险	2013-07-31	NA	FALSE	6.9	7.7	6	1	2021-04-11
tt0481499	1907966	NA	疯狂原始人	柯克·德·米科, 克里斯·桑德斯	尼古拉斯·凯奇, 艾玛·斯通, 瑞恩·雷诺兹	美国	喜剧, 动画, 冒险	2013-04-20	NA	FALSE	7.2	8.7	7	1	2021-04-11
tt2659414	10777687	NA	7号房的礼物	李焕庆	柳承龙, 朴信惠, 郑镇荣	韩国	剧情, 喜剧, 家庭	2013-01-23	NA	FALSE	8.2	8.9	8	1	2021-04-11
tt1074638	2363876	NA	007：大破天幕杀机	萨姆·门德斯	丹尼尔·克雷格, 朱迪·丹奇, 哈维尔·巴登	英国, 美国, 土耳其	动作, 惊悚, 冒险	2013-01-21	NA	FALSE	7.8	7.1	7	1	2021-04-11
tt2173024	6839145	NA	铁线虫入侵	朴正祐	金明民, 金烔完, 文晶熙	韩国	剧情, 惊悚, 灾难	2012-12-06	NA	FALSE	6.4	6.8	6	1	2021-04-11
tt2551894	10810269	NA	26年	曹近铉	晋久, 任瑟雍, 韩惠珍	韩国	剧情	2012-11-29	NA	FALSE	6.3	6.7	8	1	2021-04-11
tt2113822	6011805	NA	一九四二	冯小刚	张国立, 张默, 徐帆	中国大陆	剧情, 历史, 战争	2012-11-29	NA	FALSE	6.8	7.9	7	1	2021-04-11
tt1234719	11604454	NA	红色黎明	丹·布莱德利	克里斯·海姆斯沃斯,伊莎贝尔·卢卡斯,乔什·哈切森,乔希·佩克,阿德琳妮·帕里奇	美国	动作	2012-11-21	NA	FALSE	5.4	4.1	4	0	2018-10-16
tt0860907	2567647	NA	福音战士新剧场版：Q	庵野秀明, 摩砂雪, 前田真宏	绪方惠美, 石田彰, 林原惠美	日本	剧情, 科幻, 动画	2012-11-17	NA	FALSE	7	8.4	8	1	2021-04-11
tt1194173	3001077	NA	谍影重重4	托尼·吉尔罗伊	杰瑞米·雷纳, 斯科特·格伦, 斯泰西·基齐	美国, 日本	动作, 悬疑, 惊悚	2012-10-25	NA	FALSE	6.6	6.8	7	1	2021-04-11
tt1024648	6549903	NA	逃离德黑兰	本·阿弗莱克	本·阿弗莱克, 布莱恩·科兰斯顿, 凯尔·钱德勒	美国	剧情, 惊悚, 历史	2012-08-31	NA	FALSE	7.7	8.3	7	1	2021-04-11
tt2319760	6829652	NA	女朋友，男朋友	杨雅喆	桂纶镁, 张孝全, 凤小岳	中国台湾	剧情, 爱情, 同性	2012-08-03	NA	FALSE	7	7.5	6	1	2021-04-11
tt2238839	6386345	NA	春娇与志明	彭浩翔	杨千嬅, 余文乐, 杨幂	中国香港, 中国大陆	剧情, 喜剧, 爱情	2012-03-30	NA	FALSE	6.8	7.3	7	1	2021-04-11
tt0105859	1292287	NA	新龙门客栈	李惠民	张曼玉, 林青霞, 梁家辉	中国香港, 中国大陆	动作, 爱情, 武侠	2012-02-24	NA	FALSE	7.3	8.6	7	1	2021-04-11
tt1229238	3068206	NA	碟中谍4	布拉德·伯德	汤姆·克鲁斯, 杰瑞米·雷纳, 西蒙·佩吉	美国	动作, 惊悚, 冒险	2012-01-28	NA	FALSE	7.4	8.3	7	1	2021-04-11
tt2036416	4920528	NA	那些年，我们一起追的女孩	九把刀	柯震东, 陈妍希, 敖犬	中国台湾	剧情, 喜剧, 爱情	2012-01-06	NA	FALSE	7.6	8.1	7	1	2021-04-11
tt2011076	5244092	NA	翻滚吧！阿信	林育贤	彭于晏, 柯宇纶, 林辰唏	中国台湾	剧情, 喜剧, 运动	2011-12-09	NA	FALSE	7.1	7.3	7	1	2021-04-11
tt2115388	4873490	NA	失恋33天	滕华涛	白百何, 文章, 张嘉益	中国大陆	剧情, 爱情	2011-11-08	NA	FALSE	6.5	7.2	6	1	2021-04-11
tt2075232	5318669	NA	转山	杜家毅	张书豪, 李晓川, 李桃	中国大陆, 中国台湾	剧情, 冒险	2011-11-03	2019-04-05	FALSE	6.7	7.9	7	1	2021-04-11
tt1675434	6786002	NA	触不可及	奥利维埃·纳卡什, 埃里克·托莱达诺	弗朗索瓦·克鲁塞, 奥玛·希, 安娜·勒尼	法国	剧情, 喜剧	2011-11-02	NA	FALSE	8.5	9.3	8	1	2021-04-11
tt2070649	5912992	NA	熔炉	黄东赫	孔侑,郑有美,金志映,金贤秀,郑仁絮	韩国	剧情	2011-09-22	NA	FALSE	8.1	9.2	9	0	2018-10-16
tt1527788	4249355	NA	孤胆特工	李桢凡	元斌, 金赛纶, 坦纳永·王特拉库	韩国	剧情, 动作, 犯罪	2011-09-16	NA	FALSE	7.8	8.2	8	1	2021-04-11
tt0458339	2138838	NA	美国队长	乔·庄斯顿	克里斯·埃文斯, 海莉·阿特维尔, 塞巴斯蒂安·斯坦	美国	动作, 科幻, 冒险	2011-09-09	NA	FALSE	6.9	7.1	6	1	2021-04-11
tt0945513	3075287	NA	源代码	邓肯·琼斯	杰克·吉伦哈尔, 维拉·法米加, 米歇尔·莫纳汉	美国, 加拿大	科幻, 悬疑, 惊悚	2011-08-30	NA	FALSE	7.5	8.5	8	1	2021-04-11
tt1201607	3011235	NA	哈利·波特与死亡圣器(下)	大卫·叶茨	丹尼尔·雷德克里夫, 艾玛·沃森, 鲁伯特·格林特	美国, 英国	奇幻, 冒险	2011-08-04	NA	FALSE	8.1	8.9	8	1	2021-04-11
tt2007387	4328443	NA	高地战	张勋	申河均, 高修, 金玉彬	韩国	剧情, 战争	2011-07-20	NA	FALSE	7.4	8.5	9	1	2021-04-11
tt1571243	5158655	NA	狙击精英：重装上阵	克劳迪奥·法	查德·科林斯, 理查德·塞梅尔, Annabel Wright	南非, 美国, 德国	动作	2011-04-26	NA	FALSE	5.4	5.6	7	1	2021-04-11
tt1753976	4896263	NA	将爱情进行到底	张一白	李亚鹏, 徐静蕾, 王学兵	中国大陆	剧情, 爱情	2011-02-12	NA	FALSE	5.6	6.5	6	1	2021-04-11
tt1533117	3742360	NA	让子弹飞	姜文	姜文, 葛优, 周润发	中国大陆, 中国香港	剧情, 喜剧, 动作	2010-12-16	NA	FALSE	7.3	8.9	8	1	2021-04-11
tt0926084	2051007	NA	哈利·波特与死亡圣器(上)	大卫·叶茨	丹尼尔·雷德克里夫, 艾玛·沃森, 鲁伯特·格林特	英国, 美国	奇幻, 冒险	2010-11-19	NA	FALSE	7.7	8.4	8	1	2021-04-11
NA	5344178	NA	11度青春之《老男孩》	肖央	肖央, 王太利, 韩秋池	中国大陆	剧情, 喜剧, 短片	2010-10-28	NA	FALSE	NA	8.4	7	1	2021-04-11
tt1460743	3813779	NA	剑雨	苏照彬, 吴宇森	杨紫琼, 郑雨盛, 王学圻	中国大陆, 中国香港, 中国台湾	动作, 爱情, 武侠	2010-09-28	NA	FALSE	6.8	7.4	7	1	2021-04-11
tt1554523	4151110	NA	山楂树之恋	张艺谋	周冬雨, 窦骁, 奚美娟	中国大陆	剧情, 爱情	2010-09-16	NA	FALSE	7.1	7	6	1	2021-04-11
tt1375666	3541415	NA	盗梦空间	克里斯托弗·诺兰	莱昂纳多·迪卡普里奥, 约瑟夫·高登-莱维特, 艾利奥特·佩吉	美国, 英国	剧情, 科幻, 悬疑	2010-09-01	NA	FALSE	8.8	9.3	8	1	2021-04-11
tt1393746	3596502	NA	唐山大地震	冯小刚	徐帆, 张静初, 李晨	中国大陆, 中国香港	剧情, 历史, 灾难	2010-07-22	NA	FALSE	7.5	7.8	8	1	2021-04-11
tt1602479	4305436	NA	志明与春娇	彭浩翔	杨千嬅, 余文乐, 黄德斌	中国香港	喜剧, 剧情, 爱情	2010-06-18	NA	FALSE	7.2	7.9	7	1	2021-04-11
tt1602572	3792799	NA	岁月神偷	罗启锐	吴君如, 任达华, 钟绍图	中国香港, 中国大陆	剧情, 家庭	2010-04-16	NA	FALSE	7.4	8.7	7	1	2021-04-11
tt1832533	4300640	NA	奶奶强盗团	姜孝镇	金惠玉, 罗文姬, 金秀美	韩国	剧情, 喜剧, 动作	2010-03-18	NA	FALSE	6.4	7.7	7	1	2021-04-11
tt0374463	1428176	NA	太平洋战争	杰雷米·波德斯瓦, 蒂莫西·范·帕腾, 大卫·纳特	约瑟夫·梅泽罗, 托比·莱昂纳德·摩尔, 约书亚·比顿	美国, 澳大利亚	剧情, 动作, 历史	2010-03-14	NA	TRUE	8.3	8.9	10	1	2021-04-11
tt1130884	2334904	NA	禁闭岛	马丁·斯科塞斯	莱昂纳多·迪卡普里奥, 马克·鲁弗洛, 本·金斯利	美国	剧情, 悬疑, 惊悚	2010-02-13	NA	FALSE	8.2	8.8	8	1	2021-04-11
tt1604900	3737102	NA	艋舺	钮承泽	赵又廷, 阮经天, 凤小岳	中国台湾	剧情, 动作, 犯罪	2010-02-05	NA	FALSE	6.9	7.7	6	1	2021-04-11
tt1588356	4861627	NA	和声	康大奎	金允珍, 罗文姬, 郑秀英	韩国	剧情	2010-01-28	NA	FALSE	7.4	8.5	8	1	2021-04-11
tt1038686	2983986	NA	基督再临	斯科特·查尔斯·斯图瓦特	保罗·贝坦尼, 丹尼斯·奎德, 卢卡斯·布莱克	美国	动作, 奇幻, 惊悚	2010-01-21	NA	FALSE	5.3	5.2	8	1	2021-04-11
tt0499549	1652587	NA	阿凡达	詹姆斯·卡梅隆	萨姆·沃辛顿, 佐伊·索尔达娜, 西格妮·韦弗	美国	动作, 科幻, 冒险	2010-01-04	NA	FALSE	7.8	8.8	7	1	2021-04-11
tt1190080	3005875	NA	2012	罗兰·艾默里奇	约翰·库萨克, 阿曼达·皮特, 切瓦特·埃加福	美国, 加拿大	动作, 科幻, 冒险	2009-11-13	NA	FALSE	5.8	7.9	8	1	2021-04-11
tt1498834	3632509	NA	泪王子	杨凡	范植伟, 朱璇, 关颖	中国香港, 中国台湾	剧情	2009-10-22	NA	FALSE	6.6	6.4	7	1	2021-04-11
tt1434423	3734112	NA	风声	陈国富, 高群书	周迅, 李冰冰, 张涵予	中国大陆	犯罪, 剧情, 惊悚	2009-09-29	NA	FALSE	7.4	8.3	7	1	2021-04-11
tt0417741	1433330	NA	哈利·波特与混血王子	大卫·叶茨	丹尼尔·雷德克里夫, 迈克尔·刚本, 大卫·勒格诺	英国, 美国	奇幻, 冒险	2009-07-15	NA	FALSE	7.6	8.1	8	1	2021-04-11
tt0860906	2567646	NA	福音战士新剧场版：破	庵野秀明, 摩砂雪, 鹤卷和哉	绪方惠美, 林原惠美, 宫村优子	日本	剧情, 科幻, 动画	2009-06-27	NA	FALSE	8	9.3	8	1	2021-04-11
tt1028532	3011091	NA	忠犬八公的故事	拉斯·霍尔斯道姆	理查·基尔, 萨拉·罗默尔, 琼·艾伦	美国, 英国	剧情	2009-06-13	NA	FALSE	8.1	9.4	8	1	2021-04-11
tt1267160	3158990	NA	海角七号	魏德圣	范逸臣, 田中千绘, 中孝介	中国台湾	喜剧, 剧情, 爱情	2009-02-14	NA	FALSE	6.9	7.6	7	1	2021-04-11
tt1129442	3018122	NA	玩命快递3	奥利维尔·米加顿	杰森·斯坦森, 娜塔尔雅·卢达科娃, 弗朗索瓦·贝莱昂	法国	动作, 犯罪	2009-02-12	NA	FALSE	6.1	7	7	1	2021-04-11
tt0465580	1946776	NA	异能	保罗·麦圭根	克里斯·埃文斯, 达科塔·范宁, 卡米拉·贝勒	加拿大, 英国, 美国	动作, 科幻, 惊悚	2009-02-06	NA	FALSE	6.1	6	7	1	2021-04-11
tt1019454	3072804	NA	护送钱斯	罗斯·卡兹	凯文·贝肯, 萨拉·汤普森, 佩姬-图柯	美国	剧情, 战争	2009-01-16	NA	FALSE	7.4	8.2	9	1	2021-04-11
tt0421715	1485260	NA	本杰明·巴顿奇事	大卫·芬奇	凯特·布兰切特, 布拉德·皮特, 朱莉娅·奥蒙德	美国	剧情, 爱情, 奇幻	2008-12-25	NA	FALSE	7.8	8.9	8	1	2021-04-11
tt1236370	3082452	NA	狼牙	李忠志, 吴京	吴京, 方力申, 寇占文	中国香港	动作, 惊悚	2008-12-04	NA	FALSE	6.1	6.4	9	1	2021-04-11
tt1087906	2222995	NA	硬汉	丁晟	刘烨, 黄秋生, 尤勇智	中国大陆, 中国香港	动作, 喜剧	2008-11-28	NA	FALSE	6.1	6.2	7	1	2021-04-11
tt1329101	3305873	NA	爱的发声练习	李鼎	徐熙媛, 彭于晏, 张孝全	中国台湾	爱情	2008-11-21	NA	FALSE	4.9	5.5	5	1	2021-04-11
tt0830515	1946882	NA	007：大破量子危机	马克·福斯特	丹尼尔·克雷格, 欧嘉·柯瑞兰寇, 马修·阿马立克	英国, 美国	动作, 冒险, 惊悚	2008-11-05	NA	FALSE	6.6	6.6	7	1	2021-04-11
tt0914798	3008247	NA	穿条纹睡衣的男孩	马克·赫尔曼	阿萨·巴特菲尔德, 维拉·法米加, 卡拉·霍根	英国, 美国	剧情, 战争	2008-09-12	NA	FALSE	7.8	9.1	8	1	2021-04-11
tt0887912	2028645	NA	拆弹部队	凯瑟琳·毕格罗	杰瑞米·雷纳, 安东尼·麦凯, 布莱恩·格拉格提	美国	剧情, 惊悚, 战争	2008-09-04	NA	FALSE	7.5	7.8	8	1	2021-04-11
tt0940709	1961963	NA	长江七号	周星驰	周星驰, 徐娇, 张雨绮	中国大陆, 中国香港	喜剧, 科幻	2008-01-30	NA	FALSE	6.4	7	6	1	2021-04-11
tt0462499	1440855	NA	第一滴血4	西尔维斯特·史泰龙	西尔维斯特·史泰龙, 朱莉·本茨, 马修·马斯登	美国, 德国	动作, 惊悚	2008-01-25	NA	FALSE	7	7.5	7	1	2021-04-11
tt0454921	1849031	NA	当幸福来敲门	加布里埃莱·穆奇诺	威尔·史密斯, 贾登·史密斯, 坦迪·牛顿	美国	剧情, 传记, 家庭	2008-01-17	NA	FALSE	8	9.1	7	1	2021-04-11
tt0440963	1578507	NA	谍影重重3	保罗·格林格拉斯	马特·达蒙, 朱丽娅·斯蒂尔斯, 大卫·斯特雷泽恩	美国, 德国	动作, 悬疑, 惊悚	2007-11-15	NA	FALSE	8	8.8	7	1	2021-04-11
tt0808357	1828115	NA	色，戒	李安	梁朝伟, 汤唯, 陈冲	中国台湾, 中国大陆, 美国, 中国香港	剧情, 爱情, 情色	2007-11-01	NA	FALSE	7.5	8.5	7	1	2021-04-11
tt1193460	3033085	NA	率性而活	罗喜灿	郑在咏, 孙秉浩, 李汉伟	韩国	喜剧	2007-10-18	NA	FALSE	7.4	8.3	8	1	2021-04-11
tt0758758	1905462	NA	荒野生存	西恩·潘	埃米尔·赫斯基, 马西娅·盖伊·哈登, 威廉·赫特	美国	冒险, 传记, 剧情	2007-09-21	NA	FALSE	8.1	8.6	9	1	2021-04-11
tt1029238	2075484	NA	军鸡	郑保瑞	余文乐,刘心悠,吴镇宇,魔裟斗,郭品超	香港,日本	动作	2007-09-07	NA	FALSE	5.5	6.1	7	0	2018-10-16
tt0923811	1968790	NA	福音战士新剧场版：序	庵野秀明, 摩砂雪, 鹤卷和哉	绪方惠美, 林原惠美, 三石琴乃	日本	剧情, 科幻, 动画	2007-09-01	NA	FALSE	7.7	9.1	8	1	2021-04-11
tt0373889	1457217	NA	哈利·波特与凤凰社	大卫·叶茨	丹尼尔·雷德克里夫, 艾玛·沃森, 鲁伯特·格林特	英国, 美国	奇幻, 冒险	2007-08-10	NA	FALSE	7.5	8.3	8	1	2021-04-11
tt0995739	2080133	NA	男儿本色	陈木胜	谢霆锋, 余文乐, 房祖名	中国大陆, 中国香港	动作, 犯罪	2007-07-19	NA	FALSE	6.7	6.9	7	1	2021-04-11
tt0822854	1947549	NA	生死狙击	安东尼·福奎阿	马克·沃尔伯格, 迈克尔·佩纳, 丹尼·格洛弗	美国	剧情, 动作, 惊悚	2007-05-12	NA	FALSE	7.2	7.8	8	1	2021-04-11
tt0381061	1418190	NA	007：大战皇家赌场	马丁·坎贝尔	丹尼尔·克雷格, 伊娃·格林, 麦斯·米科尔森	英国, 捷克, 美国, 德国, 巴哈马	剧情, 动作, 惊悚	2007-01-30	NA	FALSE	8	7.6	7	1	2021-04-11
tt0907657	2053515	NA	曾经	约翰·卡尼	格伦·汉塞德, 玛可塔·伊尔格洛娃, 杰拉德·亨德里克	爱尔兰	剧情, 音乐, 爱情	2007-01-20	NA	FALSE	7.8	8.3	8	1	2021-04-11
tt1501154	2154096	NA	士兵突击	康洪雷	王宝强, 陈思诚, 段奕宏	中国大陆	剧情	2006-12-24	NA	TRUE	8.3	9.4	10	1	2021-04-11
tt0498380	1917171	NA	硫磺岛的来信	克林特·伊斯特伍德	渡边谦, 二宫和也, 加濑亮	美国	剧情, 历史, 战争	2006-12-09	NA	FALSE	7.9	8.2	8	1	2021-04-11
tt0923714	1972775	NA	向日葵	姜锡范	金来沅, 韩正洙, 金海淑	韩国	动作, 剧情	2006-11-23	NA	FALSE	7.2	7.9	NA	1	2021-04-11
tt0418689	1478066	NA	父辈的旗帜	克林特·伊斯特伍德	瑞恩·菲利普, 杰西·布拉德福特, 亚当·比奇	美国	剧情, 历史, 战争	2006-10-20	NA	FALSE	7.1	7.8	8	1	2021-04-11
tt0317919	1401533	NA	碟中谍3	J·J·艾布拉姆斯	汤姆·克鲁斯, 菲利普·塞默·霍夫曼, 文·瑞姆斯	美国, 德国	动作, 冒险, 惊悚	2006-07-20	NA	FALSE	6.9	7.6	7	1	2021-04-11
tt0821442	1827713	NA	卑劣的街头	庾河	赵寅成, 李宝英, 千虎珍	韩国	动作, 犯罪, 惊悚	2006-06-15	NA	FALSE	7.3	8	7	1	2021-04-11
tt0330373	1309055	NA	哈利·波特与火焰杯	迈克·内威尔	丹尼尔·雷德克里夫, 艾玛·沃森, 鲁伯特·格林特	英国, 美国	悬疑, 奇幻, 冒险	2005-11-18	NA	FALSE	7.7	8.6	8	1	2021-04-11
tt0388795	1418834	NA	断背山	李安	希斯·莱杰, 杰克·吉伦哈尔, 米歇尔·威廉姆斯	美国, 加拿大	剧情, 爱情, 同性	2005-09-02	NA	FALSE	7.7	8.8	8	1	2021-04-11
tt0388482	1419974	NA	玩命快递2	路易斯·莱特里尔	杰森·斯坦森, 亚历山德罗·加斯曼, 安贝·瓦莱塔	法国, 美国	动作, 犯罪	2005-08-03	NA	FALSE	6.3	7.4	7	1	2021-04-11
tt0356910	1309199	NA	史密斯夫妇	道格·里曼	布拉德·皮特, 安吉丽娜·朱莉, 文斯·沃恩	美国	喜剧, 动作, 爱情	2005-07-08	NA	FALSE	6.5	7.7	7	1	2021-04-11
tt0439630	1329562	NA	头文字D	刘伟强, 麦兆辉, 拉尔夫·里埃克曼	周杰伦, 陈冠希, 黄秋生	中国香港, 日本	剧情, 动作	2005-06-23	NA	FALSE	6.4	7.6	7	1	2021-04-11
tt0885941	2030778	NA	豪杰春香	池秉贤, 全基尚	韩彩英, 在熙, 严泰雄	韩国	喜剧, 爱情	2005-01-03	NA	TRUE	7.6	7.9	8	1	2021-04-11
tt0439884	1291550	NA	天下无贼	冯小刚	刘德华, 刘若英, 王宝强	中国大陆, 中国香港	动作, 犯罪, 剧情	2004-12-09	NA	FALSE	7.2	8	7	1	2021-04-11
tt0372183	1308767	NA	谍影重重2	保罗·格林格拉斯	马特·达蒙, 布莱恩·考克斯, 琼·艾伦	美国, 德国	动作, 悬疑, 惊悚	2004-11-14	NA	FALSE	7.7	8.7	7	1	2021-04-11
tt0304141	1291544	NA	哈利·波特与阿兹卡班的囚徒	阿方索·卡隆	丹尼尔·雷德克里夫, 艾玛·沃森, 鲁伯特·格林特	英国, 美国	奇幻, 冒险	2004-09-10	NA	FALSE	7.9	8.8	8	1	2021-04-11
tt0347149	1308807	NA	哈尔的移动城堡	宫崎骏	倍赏千惠子, 木村拓哉, 美轮明宏	日本	动画, 奇幻, 冒险	2004-09-05	NA	FALSE	8.2	9.1	7	1	2021-04-11
tt0343660	1309172	NA	初恋50次	彼得·西格尔	亚当·桑德勒, 德鲁·巴里摩尔, 罗伯·施奈德	美国	喜剧, 爱情	2004-06-25	NA	FALSE	6.8	7.9	8	1	2021-04-11
tt0319262	1308779	NA	后天	罗兰·艾默里奇	丹尼斯·奎德, 杰克·吉伦哈尔, 埃米·罗森	美国	动作, 科幻, 冒险	2004-05-28	NA	FALSE	6.4	8.3	7	1	2021-04-11
tt0386064	1304972	NA	太极旗飘扬	姜帝圭	张东健, 元斌, 李恩珠	韩国	动作, 剧情, 战争	2004-02-06	NA	FALSE	8.1	8.3	7	1	2021-04-11
tt0374339	1307694	NA	无间道3：终极无间	刘伟强, 麦兆辉	梁朝伟, 刘德华, 黎明	中国大陆, 中国香港	动作, 犯罪, 剧情	2003-12-12	NA	FALSE	6.9	8.1	7	1	2021-04-11
tt0369060	1307106	NA	无间道2	刘伟强, 麦兆辉	陈冠希, 余文乐, 曾志伟	中国香港	动作, 犯罪, 剧情	2003-10-17	NA	FALSE	7.3	8.6	7	1	2021-04-11
tt0338564	1307914	NA	无间道	刘伟强, 麦兆辉	刘德华, 梁朝伟, 黄秋生	中国香港	剧情, 犯罪, 悬疑	2003-09-05	NA	FALSE	8	9.2	8	1	2021-04-11
tt0314353	1307463	NA	太阳泪	安东尼·福奎阿	布鲁斯·威利斯, 莫妮卡·贝鲁奇, 科尔·豪瑟	美国	动作, 剧情, 惊悚	2003-03-07	NA	FALSE	6.6	7.3	7	1	2021-04-11
tt0348568	1304073	NA	假如爱有天意	郭在容	孙艺珍, 曹承佑, 赵寅成	韩国	剧情, 爱情	2003-01-30	NA	FALSE	7.8	8.4	9	1	2021-04-11
tt0295297	1296996	NA	哈利·波特与密室	克里斯·哥伦布	丹尼尔·雷德克里夫, 艾玛·沃森, 鲁伯特·格林特	美国, 英国, 德国	奇幻, 冒险	2003-01-24	NA	FALSE	7.4	8.7	8	1	2021-04-11
tt0120755	1298525	NA	碟中谍2	吴宇森	汤姆·克鲁斯, 多格雷·斯科特, 坦迪·牛顿	美国, 德国	动作, 惊悚, 冒险	2002-11-28	NA	FALSE	6.1	7.2	7	1	2021-04-11
tt0258463	1304102	NA	谍影重重	道格·里曼	马特·达蒙, 弗朗卡·波滕特, 克里斯·库珀	美国, 德国, 捷克	动作, 悬疑, 惊悚	2002-11-21	NA	FALSE	7.9	8.6	7	1	2021-04-11
tt0293662	1303139	NA	玩命快递	路易斯·莱特里尔, 元奎	杰森·斯坦森, 舒淇, 弗朗索瓦·贝莱昂	法国, 美国	动作, 犯罪	2002-10-11	NA	FALSE	6.8	7.3	7	1	2021-04-11
tt0245562	1295120	NA	风语者	吴宇森	尼古拉斯·凯奇, 亚当·比奇, 彼得·斯特曼	美国	动作, 历史, 战争	2002-06-14	NA	FALSE	6.1	7.6	8	1	2021-04-11
tt0268380	1291578	NA	冰川时代	卡洛斯·沙尔丹哈, 克里斯·韦奇	雷·罗马诺, 约翰·雷吉扎莫, 丹尼斯·利瑞	美国	喜剧, 动画, 冒险	2002-03-15	NA	FALSE	7.5	8.6	7	1	2021-04-11
tt0241527	1295038	NA	哈利·波特与魔法石	克里斯·哥伦布	丹尼尔·雷德克里夫, 艾玛·沃森, 鲁伯特·格林特	美国, 英国	奇幻, 冒险	2002-01-26	NA	FALSE	7.6	9.1	8	1	2021-04-11
tt0265086	1291824	NA	黑鹰坠落	雷德利·斯科特	乔什·哈奈特, 伊万·麦克格雷格, 汤姆·塞兹摩尔	美国, 英国	动作, 历史, 战争	2001-12-18	NA	FALSE	7.7	8.7	8	1	2021-04-11
tt0268978	1306029	NA	美丽心灵	朗·霍华德	罗素·克劳, 艾德·哈里斯, 詹妮弗·康纳利	美国	传记, 剧情	2001-12-13	NA	FALSE	8.2	9	8	1	2021-04-11
tt0277027	1306861	NA	我是山姆	杰茜·尼尔森	西恩·潘, 达科塔·范宁, 米歇尔·菲佛	美国	剧情, 家庭	2001-12-03	NA	FALSE	7.7	8.9	8	1	2021-04-11
tt0185906	1307847	NA	兄弟连	大卫·弗兰科尔, 米凯尔·萨洛门, 汤姆·汉克斯	戴米恩·路易斯, 唐尼·沃尔伯格, 朗·里维斯顿	美国, 英国	剧情, 动作, 历史	2001-09-09	NA	TRUE	9.4	9.6	10	1	2021-04-11
tt0213149	1302987	NA	珍珠港	迈克尔·贝	本·阿弗莱克, 乔什·哈奈特, 凯特·贝金赛尔	美国	剧情, 历史, 爱情	2001-08-10	NA	FALSE	6.2	8	8	1	2021-04-11
tt0293715	1292286	NA	我的野蛮女友	郭在容	全智贤, 车太贤, 金仁文	韩国	剧情, 喜剧, 爱情	2001-07-27	NA	FALSE	8	8.2	7	1	2021-04-11
tt0211915	1292215	NA	天使爱美丽	让-皮埃尔·热内	奥黛丽·塔图, 马修·卡索维茨, 吕菲斯	法国, 德国	剧情, 喜剧, 爱情	2001-04-25	NA	FALSE	8.3	8.7	7	1	2021-04-11
tt0260991	1306664	NA	共同警备区	朴赞郁	李英爱, 李秉宪, 宋康昊	韩国	剧情	2000-09-09	NA	FALSE	7.8	8.8	9	1	2021-04-11
tt0137523	1292000	NA	搏击俱乐部	大卫·芬奇	爱德华·诺顿, 布拉德·皮特, 海伦娜·伯翰·卡特	美国, 德国, 意大利	剧情, 动作, 悬疑	1999-09-10	NA	FALSE	8.8	9	9	1	2021-04-11
tt0120863	1292781	NA	细细的红线	泰伦斯·马力克	西恩·潘, 伊莱亚斯·科泰斯, 吉姆·卡维泽	美国, 澳大利亚	剧情, 战争	1998-12-23	NA	FALSE	7.6	7.8	8	1	2021-04-11
tt0120815	1292849	NA	拯救大兵瑞恩	史蒂文·斯皮尔伯格	汤姆·汉克斯, 汤姆·塞兹摩尔, 爱德华·伯恩斯	美国	剧情, 战争	1998-11-13	NA	FALSE	8.6	9	9	1	2021-04-11
tt0120338	1292722	NA	泰坦尼克号	詹姆斯·卡梅隆	莱昂纳多·迪卡普里奥, 凯特·温丝莱特, 比利·赞恩	美国, 墨西哥, 澳大利亚, 加拿大	剧情, 爱情, 灾难	1998-04-03	NA	FALSE	7.8	9.4	9	1	2021-04-11
tt0119094	1292659	NA	变脸	吴宇森	约翰·特拉沃尔塔, 尼古拉斯·凯奇, 琼·艾伦	美国	动作, 科幻, 犯罪	1997-06-27	NA	FALSE	7.2	8.5	7	1	2021-04-11
tt0117060	1292484	NA	碟中谍	布莱恩·德·帕尔玛	汤姆·克鲁斯, 强·沃特, 艾曼纽·贝阿	美国	动作, 冒险, 惊悚	1996-05-22	NA	FALSE	7.2	8.2	7	1	2021-04-11
tt0114369	1292223	NA	七宗罪	大卫·芬奇	摩根·弗里曼, 布拉德·皮特, 凯文·史派西	美国	剧情, 犯罪, 悬疑	1995-09-22	NA	FALSE	8.6	8.8	8	1	2021-04-11
tt0110413	1295644	NA	这个杀手不太冷	吕克·贝松	让·雷诺, 娜塔莉·波特曼, 加里·奥德曼	法国, 美国	剧情, 动作, 犯罪	1994-09-14	NA	FALSE	8.5	9.4	8	1	2021-04-11
tt0111161	1292052	NA	肖申克的救赎	弗兰克·德拉邦特	蒂姆·罗宾斯, 摩根·弗里曼, 鲍勃·冈顿	美国	犯罪, 剧情	1994-09-10	NA	FALSE	9.3	9.7	8	1	2021-04-11
tt0109830	1292720	NA	阿甘正传	罗伯特·泽米吉斯	汤姆·汉克斯, 罗宾·怀特, 加里·西尼斯	美国	剧情, 爱情	1994-06-23	NA	FALSE	8.8	9.5	8	1	2021-04-11
tt0106559	1303394	NA	青蛇	徐克	张曼玉, 王祖贤, 赵文卓	中国香港, 中国大陆	剧情, 爱情, 奇幻	1993-11-04	NA	FALSE	7.2	8.6	7	1	2021-04-11
tt0108289	1306249	NA	唐伯虎点秋香	李力持	周星驰, 巩俐, 陈百祥	中国香港	喜剧, 爱情, 古装	1993-07-01	NA	FALSE	7.6	8.7	7	1	2021-04-11
tt0092067	1291583	NA	天空之城	宫崎骏	田中真弓, 横泽启子, 初井言荣	日本	动画, 奇幻, 冒险	1992-05-01	NA	FALSE	8	9.1	8	1	2021-04-11
tt0101640	1293323	NA	大红灯笼高高挂	张艺谋	巩俐, 马精武, 何赛飞	中国大陆, 中国香港, 中国台湾	剧情	1991-09-10	NA	FALSE	8.1	8.6	7	1	2021-04-11
tt0099487	1292370	NA	剪刀手爱德华	蒂姆·波顿	约翰尼·德普, 薇诺娜·瑞德, 黛安·韦斯特	美国	剧情, 奇幻, 爱情	1990-12-06	NA	FALSE	7.9	8.7	7	1	2021-04-11
tt0093206	1306505	NA	红高粱	张艺谋	姜文,巩俐,滕汝骏,钱明,陈志刚,计春华	中国大陆	剧情,爱情,历史,战争	1988-10-10	NA	FALSE	7.5	8.2	7	0	2018-10-16
tt0095956	1300399	NA	第一滴血3	彼得·麦克唐纳德	西尔维斯特·史泰龙, 理查德·克里纳, 马克.德.容	美国	动作, 冒险	1988-05-25	NA	FALSE	5.8	7.6	7	1	2021-04-11
tt0092099	1293799	NA	壮志凌云	托尼·斯科特	汤姆·克鲁斯, 凯莉·麦吉利斯, 方·基默	美国	动作	1986-05-16	NA	FALSE	6.9	7.7	8	1	2021-04-11
tt0089880	1300361	NA	第一滴血2	乔治·P·科斯马图斯	西尔维斯特·史泰龙, 理查德·克里纳, 史蒂文·伯克夫	美国	动作, 冒险, 惊悚	1985-05-22	NA	FALSE	6.5	7.8	7	1	2021-04-11
tt0083944	1294323	NA	第一滴血	特德·科特切夫	西尔维斯特·史泰龙, 理查德·克里纳, 布莱恩·丹内利	美国	剧情, 动作, 冒险	1982-10-22	NA	FALSE	7.7	8.3	7	1	2021-04-11
tt0059742	1294408	NA	音乐之声	罗伯特·怀斯	朱莉·安德鲁斯, 克里斯托弗·普卢默, 埃琳诺·帕克	美国	剧情, 传记, 爱情	1965-03-02	NA	FALSE	8	9.1	8	1	2021-04-11
